X,longitude,latitude,lek_id,date,date_prev,date_curr,nnd_to_prev
0,74.4376722555601,27.7995946358604,Tal Chhapar,2014-02-01,2012-10-01,2014-02-01,1.3707244682170552
1,74.4377893004115,27.7998039109407,Tal Chhapar,2014-02-01,2012-10-01,2014-02-01,0.2732895160922348
3,74.4376520728363,27.7999293198476,Tal Chhapar,2014-02-01,2012-10-01,2014-02-01,3.1586006191031952
4,74.4376328017111,27.7993645956073,Tal Chhapar,2014-02-01,2012-10-01,2014-02-01,0.8515886307428411
6,74.4376016309199,27.7991366802414,Tal Chhapar,2014-02-01,2012-10-01,2014-02-01,1.7801035234063989
8,74.4374184854039,27.7992119052134,Tal Chhapar,2014-02-01,2012-10-01,2014-02-01,10.741479991426765
9,74.4373743496728,27.7989129978548,Tal Chhapar,2014-02-01,2012-10-01,2014-02-01,7.18570195758248
16,74.4374301619621,27.7994842606923,Tal Chhapar,2014-02-01,2012-10-01,2014-02-01,5.526208637408831
17,74.4374246648349,27.7995936942521,Tal Chhapar,2014-02-01,2012-10-01,2014-02-01,7.017283384248813
18,74.4375220897714,27.7997730807128,Tal Chhapar,2014-02-01,2012-10-01,2014-02-01,1.715441961437961
19,74.4375614795434,27.8001192382944,Tal Chhapar,2014-02-01,2012-10-01,2014-02-01,4.770111834006837
20,74.4374547427805,27.799982647911,Tal Chhapar,2014-02-01,2012-10-01,2014-02-01,2.762008193757202
21,74.4375051348816,27.8003010634847,Tal Chhapar,2014-02-01,2012-10-01,2014-02-01,18.457916379442217
23,74.437388620656,27.800201949391,Tal Chhapar,2014-02-01,2012-10-01,2014-02-01,11.587167451228026
24,74.437374281761,27.8004516514146,Tal Chhapar,2014-02-01,2012-10-01,2014-02-01,0.3136795773840179
25,74.4372730551741,27.8002974627067,Tal Chhapar,2014-02-01,2012-10-01,2014-02-01,1.3265093668989318
26,74.437444132503,27.8006187693748,Tal Chhapar,2014-02-01,2012-10-01,2014-02-01,2.0470639827371495
29,74.4372846892856,27.8000254515635,Tal Chhapar,2014-02-01,2012-10-01,2014-02-01,3.0417704958253644
30,74.4372911985095,27.7998305454572,Tal Chhapar,2014-02-01,2012-10-01,2014-02-01,0.11460784816822712
31,74.4373093778289,27.799615380069,Tal Chhapar,2014-02-01,2012-10-01,2014-02-01,14.301599707210917
32,74.4373119441749,27.7994802863661,Tal Chhapar,2014-02-01,2012-10-01,2014-02-01,11.152528895192242
33,74.4372822970314,27.7993708115705,Tal Chhapar,2014-02-01,2012-10-01,2014-02-01,1.3283438393758844
34,74.437243977544,27.7991452410943,Tal Chhapar,2014-02-01,2012-10-01,2014-02-01,7.792677956747769
35,74.4372054613094,27.7988693738009,Tal Chhapar,2014-02-01,2012-10-01,2014-02-01,13.842092585136044
36,74.4377817043423,27.7992001259656,Tal Chhapar,2014-02-01,2012-10-01,2014-02-01,0.7405560957449204
37,74.4371962342373,27.8005747267408,Tal Chhapar,2014-02-01,2012-10-01,2014-02-01,2.7374919725290656
38,74.4372183907412,27.8008211763266,Tal Chhapar,2014-02-01,2012-10-01,2014-02-01,0.3810467097305526
39,74.4372015531838,27.8010986259448,Tal Chhapar,2014-02-01,2012-10-01,2014-02-01,1.9613164019485227
40,74.4370953679319,27.8009545954988,Tal Chhapar,2014-02-01,2012-10-01,2014-02-01,6.993262437991732
41,74.4370564926159,27.8006923158962,Tal Chhapar,2014-02-01,2012-10-01,2014-02-01,0.27069445849654417
42,74.4370233492933,27.8003441586421,Tal Chhapar,2014-02-01,2012-10-01,2014-02-01,9.6206234272746
43,74.4369234136961,27.8005395725769,Tal Chhapar,2014-02-01,2012-10-01,2014-02-01,0.07940893142694529
44,74.4371253873343,27.8002919532546,Tal Chhapar,2014-02-01,2012-10-01,2014-02-01,0.0971523743463272
45,74.4371858925227,27.800384762327,Tal Chhapar,2014-02-01,2012-10-01,2014-02-01,11.902586070653568
46,74.437186222087007,27.8001508028434,Tal Chhapar,2014-02-01,2012-10-01,2014-02-01,9.35436779196597
47,74.4371286971586,27.8000177833635,Tal Chhapar,2014-02-01,2012-10-01,2014-02-01,8.408124938982228
48,74.4370122433049,27.8001392834824,Tal Chhapar,2014-02-01,2012-10-01,2014-02-01,0.294021604780808
49,74.4370078817441,27.7998467024463,Tal Chhapar,2014-02-01,2012-10-01,2014-02-01,1.8264729353468194
50,74.4371095122927,27.7997504356759,Tal Chhapar,2014-02-01,2012-10-01,2014-02-01,3.9834023503629297
51,74.4369107005591,27.7996417117995,Tal Chhapar,2014-02-01,2012-10-01,2014-02-01,1.7685838207281874
52,74.4371678163897,27.7995308058412,Tal Chhapar,2014-02-01,2012-10-01,2014-02-01,3.7864926994289596
53,74.4369831121427,27.7994897046189,Tal Chhapar,2014-02-01,2012-10-01,2014-02-01,0.6151739073564877
54,74.4374589239577,27.7996877129517,Tal Chhapar,2014-02-01,2012-10-01,2014-02-01,12.4265667074924
55,74.4367801129463,27.7994879206757,Tal Chhapar,2014-02-01,2012-10-01,2014-02-01,5.017002921951851
56,74.4371057981356,27.7994180238588,Tal Chhapar,2014-02-01,2012-10-01,2014-02-01,15.031881630565918
57,74.4370330616485,27.7992973314634,Tal Chhapar,2014-02-01,2012-10-01,2014-02-01,0.9890181674006377
58,74.4367972772236,27.7994145748308,Tal Chhapar,2014-02-01,2012-10-01,2014-02-01,3.695565509088391
59,74.4368943160222,27.7993461781162,Tal Chhapar,2014-02-01,2012-10-01,2014-02-01,13.551679455805345
60,74.4368600406964,27.7992145299455,Tal Chhapar,2014-02-01,2012-10-01,2014-02-01,2.1344709575147074
61,74.4370011434123,27.7991117555658,Tal Chhapar,2014-02-01,2012-10-01,2014-02-01,12.158309587372669
62,74.4371313723501,27.7990187445222,Tal Chhapar,2014-02-01,2012-10-01,2014-02-01,1.923479403575963
63,74.4367416466027,27.798998615074,Tal Chhapar,2014-02-01,2012-10-01,2014-02-01,2.1150364260714727
71,74.4365508063179,27.7988146181657,Tal Chhapar,2014-02-01,2012-10-01,2014-02-01,0.7370318065875358
72,74.436609005975,27.7991814838639,Tal Chhapar,2014-02-01,2012-10-01,2014-02-01,1.2704110255755134
73,74.4367824479706,27.7988500933012,Tal Chhapar,2014-02-01,2012-10-01,2014-02-01,8.084230192812019
75,74.4363569653989,27.7990161656375,Tal Chhapar,2014-02-01,2012-10-01,2014-02-01,1.8920738646081128
80,74.4362230657056,27.7988836943782,Tal Chhapar,2014-02-01,2012-10-01,2014-02-01,3.1895441476678545
81,74.4363815333823,27.7991714141426,Tal Chhapar,2014-02-01,2012-10-01,2014-02-01,2.6505517680153554
82,74.436531603295,27.7993597861507,Tal Chhapar,2014-02-01,2012-10-01,2014-02-01,4.40799973587635
83,74.4366223844539,27.7995733128942,Tal Chhapar,2014-02-01,2012-10-01,2014-02-01,4.404452862525563
84,74.4368831681711,27.7998923761184,Tal Chhapar,2014-02-01,2012-10-01,2014-02-01,12.384642085572638
85,74.4366908808899,27.7997634563621,Tal Chhapar,2014-02-01,2012-10-01,2014-02-01,3.2855866736812587
86,74.4371889833863,27.7998828297784,Tal Chhapar,2014-02-01,2012-10-01,2014-02-01,7.968705307693641
87,74.436875705927,27.7999883171461,Tal Chhapar,2014-02-01,2012-10-01,2014-02-01,1.9474045422298512
88,74.4366857417744,27.7999389090529,Tal Chhapar,2014-02-01,2012-10-01,2014-02-01,3.319748204423163
89,74.4367631638532,27.8000718020472,Tal Chhapar,2014-02-01,2012-10-01,2014-02-01,3.4542877116448385
90,74.4368408957903,27.8000930458456,Tal Chhapar,2014-02-01,2012-10-01,2014-02-01,10.251673998996383
91,74.4368767339885,27.8002188035045,Tal Chhapar,2014-02-01,2012-10-01,2014-02-01,2.3042187253864763
92,74.4368652211712,27.8004144157877,Tal Chhapar,2014-02-01,2012-10-01,2014-02-01,11.526417690518477
93,74.4368409062281,27.8006514698426,Tal Chhapar,2014-02-01,2012-10-01,2014-02-01,14.732207757021333
94,74.4367421654456,27.800745883341,Tal Chhapar,2014-02-01,2012-10-01,2014-02-01,0.46696071376988946
95,74.43691907492,27.800916347414798,Tal Chhapar,2014-02-01,2012-10-01,2014-02-01,0.798087167787494
96,74.4369648225277,27.8007913955196,Tal Chhapar,2014-02-01,2012-10-01,2014-02-01,13.82723535027894
97,74.436829160534,27.8010624061576,Tal Chhapar,2014-02-01,2012-10-01,2014-02-01,11.256238075429788
98,74.4369631528958,27.8010250334619,Tal Chhapar,2014-02-01,2012-10-01,2014-02-01,13.57265456956647
99,74.4365975327007,27.8008108775712,Tal Chhapar,2014-02-01,2012-10-01,2014-02-01,0.8211441221938961
100,74.4367151463496,27.8009602463897,Tal Chhapar,2014-02-01,2012-10-01,2014-02-01,9.111543042375141
101,74.4365846899576,27.8009862603277,Tal Chhapar,2014-02-01,2012-10-01,2014-02-01,4.059662186981142
102,74.4367211187565,27.8010928751311,Tal Chhapar,2014-02-01,2012-10-01,2014-02-01,0.3835836727259732
103,74.4365759940166,27.8011027584511,Tal Chhapar,2014-02-01,2012-10-01,2014-02-01,12.88602774766452
104,74.4365165056575,27.8006776241099,Tal Chhapar,2014-02-01,2012-10-01,2014-02-01,2.4009636712155604
105,74.436650966918,27.8004450035576,Tal Chhapar,2014-02-01,2012-10-01,2014-02-01,1.8438340251314305
106,74.4365246714859,27.8005195896487,Tal Chhapar,2014-02-01,2012-10-01,2014-02-01,12.255532380776367
107,74.4366182511474,27.8006301410785,Tal Chhapar,2014-02-01,2012-10-01,2014-02-01,9.56745704653385
108,74.4367303099731,27.8003064215945,Tal Chhapar,2014-02-01,2012-10-01,2014-02-01,2.4508939513557637
109,74.436487262955,27.8003400365568,Tal Chhapar,2014-02-01,2012-10-01,2014-02-01,6.6834270050081575
110,74.4367241593879,27.8002102240509,Tal Chhapar,2014-02-01,2012-10-01,2014-02-01,10.412957538459157
111,74.4366036970516,27.8001399471847,Tal Chhapar,2014-02-01,2012-10-01,2014-02-01,1.4552366934970853
112,74.4364222688814,27.8001480523089,Tal Chhapar,2014-02-01,2012-10-01,2014-02-01,10.278341074727402
113,74.4365089871652,27.8000303983732,Tal Chhapar,2014-02-01,2012-10-01,2014-02-01,0.6298153876472228
114,74.4364673458803,27.7999276398046,Tal Chhapar,2014-02-01,2012-10-01,2014-02-01,1.845838100317011
115,74.4364773470786,27.7997933618142,Tal Chhapar,2014-02-01,2012-10-01,2014-02-01,5.8411805218106245
116,74.4363829886789,27.7996312020128,Tal Chhapar,2014-02-01,2012-10-01,2014-02-01,0.8932642647928778
117,74.436246987938,27.79931453984,Tal Chhapar,2014-02-01,2012-10-01,2014-02-01,0.7637025373067381
118,74.4362287175413,27.7994993621015,Tal Chhapar,2014-02-01,2012-10-01,2014-02-01,2.8938830617835016
119,74.4363927208906,27.799407841478,Tal Chhapar,2014-02-01,2012-10-01,2014-02-01,2.0175667602495184
120,74.4360499969208,27.799249414446,Tal Chhapar,2014-02-01,2012-10-01,2014-02-01,2.018717447524266
121,74.4360069980612,27.7989733294589,Tal Chhapar,2014-02-01,2012-10-01,2014-02-01,10.606569919218169
122,74.4359810055025,27.7994568674292,Tal Chhapar,2014-02-01,2012-10-01,2014-02-01,0.5242973002845212
123,74.4358718968975,27.7991879135776,Tal Chhapar,2014-02-01,2012-10-01,2014-02-01,12.428269969721585
124,74.4358458638793,27.799069246821,Tal Chhapar,2014-02-01,2012-10-01,2014-02-01,1.1043024178775078
126,74.4356006191228,27.7991350095958,Tal Chhapar,2014-02-01,2012-10-01,2014-02-01,1.2121620233903527
128,74.436340846616,27.800850816038,Tal Chhapar,2014-02-01,2012-10-01,2014-02-01,0.3021080682176081
129,74.4363309249439,27.8006870538881,Tal Chhapar,2014-02-01,2012-10-01,2014-02-01,2.4492930576558574
130,74.4361583710409,27.8008465319891,Tal Chhapar,2014-02-01,2012-10-01,2014-02-01,0.9193641347465518
131,74.4359591293593,27.8007668935346,Tal Chhapar,2014-02-01,2012-10-01,2014-02-01,4.348114800344873
132,74.435890688455,27.800969201796,Tal Chhapar,2014-02-01,2012-10-01,2014-02-01,10.095296516615988
133,74.4364189564301,27.800467623502,Tal Chhapar,2014-02-01,2012-10-01,2014-02-01,2.1253881853252232
134,74.4361738388185,27.8005582623449,Tal Chhapar,2014-02-01,2012-10-01,2014-02-01,1.166713516463155
135,74.436294172969,27.8003726306389,Tal Chhapar,2014-02-01,2012-10-01,2014-02-01,12.574616445872707
136,74.4362463790079,27.8002360446089,Tal Chhapar,2014-02-01,2012-10-01,2014-02-01,4.014586643097763
137,74.4361749523554,27.8004037974822,Tal Chhapar,2014-02-01,2012-10-01,2014-02-01,3.656210952112995
138,74.4361581273768,27.8006737139204,Tal Chhapar,2014-02-01,2012-10-01,2014-02-01,1.533398707968118
139,74.4363572963899,27.8001009001418,Tal Chhapar,2014-02-01,2012-10-01,2014-02-01,2.0183563413315984
140,74.4361903383684,27.8000263603076,Tal Chhapar,2014-02-01,2012-10-01,2014-02-01,13.688669978376243
141,74.4363272815399,27.7999939421747,Tal Chhapar,2014-02-01,2012-10-01,2014-02-01,10.717001596467187
142,74.4362963125269,27.799774262368,Tal Chhapar,2014-02-01,2012-10-01,2014-02-01,12.358808515008624
143,74.4362153361018,27.7998837804492,Tal Chhapar,2014-02-01,2012-10-01,2014-02-01,4.047136697809978
144,74.4366058310906,27.7998169710486,Tal Chhapar,2014-02-01,2012-10-01,2014-02-01,12.798584539569633
145,74.4365310889183,27.7999011781182,Tal Chhapar,2014-02-01,2012-10-01,2014-02-01,6.966279877652238
146,74.4357234210001,27.8006939238896,Tal Chhapar,2014-02-01,2012-10-01,2014-02-01,0.6222697298101276
147,74.4359915494446,27.8005441560459,Tal Chhapar,2014-02-01,2012-10-01,2014-02-01,0.958883287499844
148,74.4360608516486,27.8002715588645,Tal Chhapar,2014-02-01,2012-10-01,2014-02-01,2.2755738814563498
149,74.4360836958018,27.8004394122752,Tal Chhapar,2014-02-01,2012-10-01,2014-02-01,1.530101092140742
150,74.4359896952121,27.8001301863247,Tal Chhapar,2014-02-01,2012-10-01,2014-02-01,3.288241413512428
151,74.4361511402526,27.8001233131827,Tal Chhapar,2014-02-01,2012-10-01,2014-02-01,11.859853740393332
152,74.4359809135019,27.7999861105754,Tal Chhapar,2014-02-01,2012-10-01,2014-02-01,1.1274343748192872
153,74.4361283121194,27.7998780451034,Tal Chhapar,2014-02-01,2012-10-01,2014-02-01,11.228160376484263
154,74.4361772842901,27.7997051078947,Tal Chhapar,2014-02-01,2012-10-01,2014-02-01,0.0848536679988707
155,74.4360501437134,27.7998040797666,Tal Chhapar,2014-02-01,2012-10-01,2014-02-01,0.8745974733189482
156,74.4359993530333,27.799577101531,Tal Chhapar,2014-02-01,2012-10-01,2014-02-01,2.9915233159871093
157,74.43587282728,27.7997541524895,Tal Chhapar,2014-02-01,2012-10-01,2014-02-01,0.4482449239052117
158,74.4358261238826,27.799541536645,Tal Chhapar,2014-02-01,2012-10-01,2014-02-01,3.4268142550407856
159,74.435747631566,27.7996536557848,Tal Chhapar,2014-02-01,2012-10-01,2014-02-01,0.9296204739913865
160,74.4357494868463,27.7994209547338,Tal Chhapar,2014-02-01,2012-10-01,2014-02-01,12.539318556285805
161,74.4359557046383,27.7994188843171,Tal Chhapar,2014-02-01,2012-10-01,2014-02-01,4.568438460459767
162,74.4358409443002,27.7997233993861,Tal Chhapar,2014-02-01,2012-10-01,2014-02-01,4.640062593897423
163,74.435874329778,27.7998918392884,Tal Chhapar,2014-02-01,2012-10-01,2014-02-01,0.5990476768761877
164,74.4358933754945,27.8000896494415,Tal Chhapar,2014-02-01,2012-10-01,2014-02-01,0.810009148751639
165,74.4358849161352,27.8003831170904,Tal Chhapar,2014-02-01,2012-10-01,2014-02-01,0.12134022931049815
166,74.4358535181577,27.8005700081581,Tal Chhapar,2014-02-01,2012-10-01,2014-02-01,7.388072663682561
167,74.4356383641772,27.800503985261,Tal Chhapar,2014-02-01,2012-10-01,2014-02-01,3.0339850436785647
168,74.4354836600294,27.8007468726122,Tal Chhapar,2014-02-01,2012-10-01,2014-02-01,20.036798813227314
169,74.4357378488561,27.8003838105075,Tal Chhapar,2014-02-01,2012-10-01,2014-02-01,1.2462897193199576
170,74.4357469322509,27.8002113448932,Tal Chhapar,2014-02-01,2012-10-01,2014-02-01,1.4558679445709046
171,74.4356992218523,27.8000702518743,Tal Chhapar,2014-02-01,2012-10-01,2014-02-01,0.19917796202365182
172,74.435362717125,27.8003849685507,Tal Chhapar,2014-02-01,2012-10-01,2014-02-01,0.5170293799197004
173,74.4356911732733,27.7999004289996,Tal Chhapar,2014-02-01,2012-10-01,2014-02-01,3.5482477165091324
174,74.4355557477243,27.7996611313889,Tal Chhapar,2014-02-01,2012-10-01,2014-02-01,1.3877240775009776
175,74.4356013433424,27.7994540817448,Tal Chhapar,2014-02-01,2012-10-01,2014-02-01,2.5449344688912996
176,74.4354810626061,27.7999198207114,Tal Chhapar,2014-02-01,2012-10-01,2014-02-01,1.9887500079602887
177,74.4354689853796,27.8000952596116,Tal Chhapar,2014-02-01,2012-10-01,2014-02-01,0.7671518984508126
178,74.4354876111031,27.8002571905843,Tal Chhapar,2014-02-01,2012-10-01,2014-02-01,3.4835191333186373
179,74.4353132860242,27.8001833431733,Tal Chhapar,2014-02-01,2012-10-01,2014-02-01,1.04652918187314
180,74.4351149220169,27.8000113067433,Tal Chhapar,2014-02-01,2012-10-01,2014-02-01,0.7011599571718481
181,74.4351962993723,27.7997600004115,Tal Chhapar,2014-02-01,2012-10-01,2014-02-01,2.916165524271338
182,74.4352623704507,27.7995929444268,Tal Chhapar,2014-02-01,2012-10-01,2014-02-01,9.281300512705787
183,74.4353995118541,27.7993070255336,Tal Chhapar,2014-02-01,2012-10-01,2014-02-01,2.5501243317547613
184,74.4351474642401,27.7994319903921,Tal Chhapar,2014-02-01,2012-10-01,2014-02-01,2.8040607086312543
190,74.4348616762374,27.7998182371346,Tal Chhapar,2014-02-01,2012-10-01,2014-02-01,0.6359571482652986
191,74.434766092023,27.7996069544925,Tal Chhapar,2014-02-01,2012-10-01,2014-02-01,0.3582018871017685
192,74.4349729833015,27.79947125018,Tal Chhapar,2014-02-01,2012-10-01,2014-02-01,17.685768762967694
0,74.4375563277909,27.7997640169674,Tal Chhapar,2015-11-01,2014-02-01,2015-11-01,3.518977564355084
1,74.4375722667149,27.8001348915484,Tal Chhapar,2015-11-01,2014-02-01,2015-11-01,2.0336972514708807
2,74.4376601683361,27.7999394822912,Tal Chhapar,2015-11-01,2014-02-01,2015-11-01,1.3795932142209058
3,74.4374169767589,27.7998995262621,Tal Chhapar,2015-11-01,2014-02-01,2015-11-01,9.931030840548173
4,74.437455967359,27.8000028699468,Tal Chhapar,2015-11-01,2014-02-01,2015-11-01,2.2433639832055148
5,74.4373892552213,27.8002085387854,Tal Chhapar,2015-11-01,2014-02-01,2015-11-01,0.7326190846772396
6,74.4372987000026,27.7998299248986,Tal Chhapar,2015-11-01,2014-02-01,2015-11-01,0.742142814606553
7,74.4372706963283,27.8000327558498,Tal Chhapar,2015-11-01,2014-02-01,2015-11-01,1.5983469702310176
8,74.4371426587825,27.8000077791681,Tal Chhapar,2015-11-01,2014-02-01,2015-11-01,1.7662588908010142
9,74.4374576471735,27.7996041696182,Tal Chhapar,2015-11-01,2014-02-01,2015-11-01,3.4500200127984195
10,74.4373627052454,27.7997400694726,Tal Chhapar,2015-11-01,2014-02-01,2015-11-01,11.111961656165088
11,74.4372915550968,27.8003125908696,Tal Chhapar,2015-11-01,2014-02-01,2015-11-01,2.4757767742329992
12,74.437186546454,27.8005778364317,Tal Chhapar,2015-11-01,2014-02-01,2015-11-01,1.0145818161393285
13,74.4370313221257,27.8004876590937,Tal Chhapar,2015-11-01,2014-02-01,2015-11-01,12.085614670092754
14,74.4370445367535,27.8003546575399,Tal Chhapar,2015-11-01,2014-02-01,2015-11-01,2.389280887739413
15,74.4368853836616,27.8004019973673,Tal Chhapar,2015-11-01,2014-02-01,2015-11-01,2.4160333213008
16,74.4370236296074,27.8001303913082,Tal Chhapar,2015-11-01,2014-02-01,2015-11-01,1.492769832840285
17,74.4371921121713,27.7998061599811,Tal Chhapar,2015-11-01,2014-02-01,2015-11-01,8.498772190913858
18,74.436891081418,27.8002262564932,Tal Chhapar,2015-11-01,2014-02-01,2015-11-01,1.6368007989642337
19,74.4376576571227,27.7993785284265,Tal Chhapar,2015-11-01,2014-02-01,2015-11-01,2.894316338476859
20,74.4374338870499,27.7994811424561,Tal Chhapar,2015-11-01,2014-02-01,2015-11-01,0.5039555761978474
21,74.437283901872,27.799621004787902,Tal Chhapar,2015-11-01,2014-02-01,2015-11-01,2.5857677931724625
22,74.4372833002084,27.7993987892941,Tal Chhapar,2015-11-01,2014-02-01,2015-11-01,3.1008381519639436
23,74.437123468417,27.7994250149886,Tal Chhapar,2015-11-01,2014-02-01,2015-11-01,1.9051685416088944
24,74.4370990706205,27.799666862578,Tal Chhapar,2015-11-01,2014-02-01,2015-11-01,9.314866619928228
25,74.4374240431892,27.799206394666,Tal Chhapar,2015-11-01,2014-02-01,2015-11-01,0.8199841066167171
26,74.437237108583,27.7991547951285,Tal Chhapar,2015-11-01,2014-02-01,2015-11-01,1.2561745871224337
27,74.4374379812395,27.7990167960555,Tal Chhapar,2015-11-01,2014-02-01,2015-11-01,13.095912380898456
28,74.4373296491734,27.7987661359459,Tal Chhapar,2015-11-01,2014-02-01,2015-11-01,9.228130314505972
29,74.4368601451183,27.7988652363051,Tal Chhapar,2015-11-01,2014-02-01,2015-11-01,7.835479291898354
30,74.4370276481977,27.7991216779367,Tal Chhapar,2015-11-01,2014-02-01,2015-11-01,2.8328658203851083
31,74.4370600910781,27.7993040216499,Tal Chhapar,2015-11-01,2014-02-01,2015-11-01,2.763827513744941
32,74.4368735374475,27.7992156038341,Tal Chhapar,2015-11-01,2014-02-01,2015-11-01,1.3348481868080533
33,74.4369690964402,27.7996802707343,Tal Chhapar,2015-11-01,2014-02-01,2015-11-01,7.164873605226989
34,74.437019615722,27.7998526415574,Tal Chhapar,2015-11-01,2014-02-01,2015-11-01,1.3300048753204803
35,74.4368856821373,27.8000703011243,Tal Chhapar,2015-11-01,2014-02-01,2015-11-01,5.080550751769263
36,74.4368790171371,27.7998954538096,Tal Chhapar,2015-11-01,2014-02-01,2015-11-01,0.5323922371589634
37,74.4367720096395,27.7997864518369,Tal Chhapar,2015-11-01,2014-02-01,2015-11-01,8.387942475882847
38,74.4369959292986,27.7995301928711,Tal Chhapar,2015-11-01,2014-02-01,2015-11-01,4.65945568108808
39,74.4371883786181,27.7995583680426,Tal Chhapar,2015-11-01,2014-02-01,2015-11-01,3.6640181832696705
40,74.4367807074719,27.8002579632177,Tal Chhapar,2015-11-01,2014-02-01,2015-11-01,7.311775116130063
41,74.4366643976198,27.8004075571849,Tal Chhapar,2015-11-01,2014-02-01,2015-11-01,4.354036726350562
42,74.4366647517603,27.8005528537186,Tal Chhapar,2015-11-01,2014-02-01,2015-11-01,9.70994259281411
43,74.4367468317893,27.8007429784991,Tal Chhapar,2015-11-01,2014-02-01,2015-11-01,0.5611053228575309
44,74.4365307225591,27.800721924148,Tal Chhapar,2015-11-01,2014-02-01,2015-11-01,5.103305710484394
45,74.4364599323805,27.8008558325639,Tal Chhapar,2015-11-01,2014-02-01,2015-11-01,11.743869770500737
46,74.4363395542408,27.8008476260165,Tal Chhapar,2015-11-01,2014-02-01,2015-11-01,0.3756106198240907
47,74.4364378864471,27.8005013639321,Tal Chhapar,2015-11-01,2014-02-01,2015-11-01,4.176978080352348
48,74.4364381374272,27.8006473445666,Tal Chhapar,2015-11-01,2014-02-01,2015-11-01,8.417014558210647
49,74.4361926289233,27.8006813243146,Tal Chhapar,2015-11-01,2014-02-01,2015-11-01,3.501630968643081
50,74.4365846594795,27.8002734220551,Tal Chhapar,2015-11-01,2014-02-01,2015-11-01,12.103855296925548
51,74.4365224442568,27.8001823639848,Tal Chhapar,2015-11-01,2014-02-01,2015-11-01,9.281272839690441
52,74.4367588999549,27.7999576758532,Tal Chhapar,2015-11-01,2014-02-01,2015-11-01,7.500474972803754
53,74.4365681368179,27.8000064033974,Tal Chhapar,2015-11-01,2014-02-01,2015-11-01,6.404324695878891
54,74.4366364959845,27.7998727806354,Tal Chhapar,2015-11-01,2014-02-01,2015-11-01,6.8808737064400605
55,74.4365245003685,27.799826805942,Tal Chhapar,2015-11-01,2014-02-01,2015-11-01,5.94147741447124
56,74.4366044009036,27.7997361566971,Tal Chhapar,2015-11-01,2014-02-01,2015-11-01,8.953408453964318
57,74.4367247799116,27.7995824309236,Tal Chhapar,2015-11-01,2014-02-01,2015-11-01,10.137175490266152
58,74.4367922987519,27.7994328351946,Tal Chhapar,2015-11-01,2014-02-01,2015-11-01,2.0814125488234887
59,74.4366479663251,27.7992106405834,Tal Chhapar,2015-11-01,2014-02-01,2015-11-01,5.016128888456243
60,74.4361900034598,27.8004257701581,Tal Chhapar,2015-11-01,2014-02-01,2015-11-01,2.850052885431559
61,74.4364064276421,27.8003546763475,Tal Chhapar,2015-11-01,2014-02-01,2015-11-01,8.126302278934235
62,74.4363133359113,27.8002388065629,Tal Chhapar,2015-11-01,2014-02-01,2015-11-01,6.602815847469543
63,74.4363457769758,27.8000124403583,Tal Chhapar,2015-11-01,2014-02-01,2015-11-01,2.7419859802284168
64,74.4362077617781,27.8000453654973,Tal Chhapar,2015-11-01,2014-02-01,2015-11-01,2.7162786205022638
65,74.4362399566031,27.799901903344,Tal Chhapar,2015-11-01,2014-02-01,2015-11-01,3.1484075621849135
66,74.4364124269014,27.7998833669277,Tal Chhapar,2015-11-01,2014-02-01,2015-11-01,7.302064942319756
67,74.4363044018654,27.7997954178262,Tal Chhapar,2015-11-01,2014-02-01,2015-11-01,2.4752917973031576
68,74.436402747705,27.7996568186886,Tal Chhapar,2015-11-01,2014-02-01,2015-11-01,3.4410978298105688
69,74.4365061888111,27.7995372150389,Tal Chhapar,2015-11-01,2014-02-01,2015-11-01,12.12454940917384
70,74.4362599045246,27.7994904996828,Tal Chhapar,2015-11-01,2014-02-01,2015-11-01,3.2252085135908093
71,74.4361878641399,27.7997086204617,Tal Chhapar,2015-11-01,2014-02-01,2015-11-01,1.1124632109023822
72,74.4362572891805,27.7993499583434,Tal Chhapar,2015-11-01,2014-02-01,2015-11-01,4.052624493490387
73,74.4364583225271,27.7991674797023,Tal Chhapar,2015-11-01,2014-02-01,2015-11-01,7.576887472952515
74,74.4363601132683,27.7990083147103,Tal Chhapar,2015-11-01,2014-02-01,2015-11-01,0.9233232690560496
75,74.4366590105904,27.7988195429236,Tal Chhapar,2015-11-01,2014-02-01,2015-11-01,10.672967667596797
76,74.4365874608768,27.798633583053,Tal Chhapar,2015-11-01,2014-02-01,2015-11-01,4.384340526357882
78,74.4364775073,27.7989276909427,Tal Chhapar,2015-11-01,2014-02-01,2015-11-01,14.457909000545417
82,74.4363079207408,27.7987683507333,Tal Chhapar,2015-11-01,2014-02-01,2015-11-01,5.559314395205218
84,74.4360274174162,27.7988189112774,Tal Chhapar,2015-11-01,2014-02-01,2015-11-01,6.929406340178053
90,74.4358317866533,27.7988863668851,Tal Chhapar,2015-11-01,2014-02-01,2015-11-01,17.145304024163384
91,74.4360634420785,27.7990550732112,Tal Chhapar,2015-11-01,2014-02-01,2015-11-01,10.626071259869407
95,74.4355373413919,27.7990734290935,Tal Chhapar,2015-11-01,2014-02-01,2015-11-01,1.1959699559310604
96,74.4356674326858,27.7989644292639,Tal Chhapar,2015-11-01,2014-02-01,2015-11-01,17.047186269544653
97,74.435631870523,27.799168940414,Tal Chhapar,2015-11-01,2014-02-01,2015-11-01,4.858523204327233
98,74.4358707151183,27.7990891805725,Tal Chhapar,2015-11-01,2014-02-01,2015-11-01,3.2968179572970717
99,74.4357935644914,27.7993113888853,Tal Chhapar,2015-11-01,2014-02-01,2015-11-01,12.890556570825078
100,74.4360087143183,27.7994471268069,Tal Chhapar,2015-11-01,2014-02-01,2015-11-01,2.9350718238376996
101,74.4358754173443,27.7997108764046,Tal Chhapar,2015-11-01,2014-02-01,2015-11-01,3.6682786804254808
102,74.4355695501418,27.7996830474252,Tal Chhapar,2015-11-01,2014-02-01,2015-11-01,2.782572728925026
103,74.4358172625563,27.7995520002976,Tal Chhapar,2015-11-01,2014-02-01,2015-11-01,1.4510460254409328
104,74.4356032781765,27.7994668579949,Tal Chhapar,2015-11-01,2014-02-01,2015-11-01,1.4280794188924446
105,74.4352949627834,27.7995309138166,Tal Chhapar,2015-11-01,2014-02-01,2015-11-01,7.584561438862424
106,74.435411974884,27.7992963511353,Tal Chhapar,2015-11-01,2014-02-01,2015-11-01,1.704551103222031
107,74.4352331802678,27.799751982017,Tal Chhapar,2015-11-01,2014-02-01,2015-11-01,3.740051034303848
108,74.4354994025266,27.7999277674842,Tal Chhapar,2015-11-01,2014-02-01,2015-11-01,2.009679418837815
109,74.4356917036213,27.7999062027152,Tal Chhapar,2015-11-01,2014-02-01,2015-11-01,0.6417200015561152
110,74.4360669068849,27.799839840016,Tal Chhapar,2015-11-01,2014-02-01,2015-11-01,4.291774057787476
111,74.4358877576052,27.7999083325316,Tal Chhapar,2015-11-01,2014-02-01,2015-11-01,2.255610386024003
112,74.4360035523366,27.8001219344108,Tal Chhapar,2015-11-01,2014-02-01,2015-11-01,1.6428329273029814
113,74.435989799387,27.7999890718402,Tal Chhapar,2015-11-01,2014-02-01,2015-11-01,0.9347729456919954
114,74.4354434871855,27.8001001142302,Tal Chhapar,2015-11-01,2014-02-01,2015-11-01,2.5686788293551652
115,74.4355064988018,27.800253473296902,Tal Chhapar,2015-11-01,2014-02-01,2015-11-01,1.905594470377051
116,74.435696973186,27.8000745819043,Tal Chhapar,2015-11-01,2014-02-01,2015-11-01,0.528340884827354
117,74.4360462733747,27.800294121054,Tal Chhapar,2015-11-01,2014-02-01,2015-11-01,2.882539366071654
118,74.4358073971842,27.8001777793575,Tal Chhapar,2015-11-01,2014-02-01,2015-11-01,7.021540840697941
119,74.4357274360379,27.8003744244965,Tal Chhapar,2015-11-01,2014-02-01,2015-11-01,1.460548684941314
120,74.4359037757377,27.8004066641062,Tal Chhapar,2015-11-01,2014-02-01,2015-11-01,3.2024083965106165
121,74.4358405904105,27.8003007962341,Tal Chhapar,2015-11-01,2014-02-01,2015-11-01,10.110634093107073
122,74.4359867499,27.8005794399433,Tal Chhapar,2015-11-01,2014-02-01,2015-11-01,3.9371043006480755
123,74.4358184535622,27.8005987695249,Tal Chhapar,2015-11-01,2014-02-01,2015-11-01,4.699132866218407
124,74.4355361296119,27.8004430899283,Tal Chhapar,2015-11-01,2014-02-01,2015-11-01,12.12130915715769
125,74.4359822333204,27.8007948961568,Tal Chhapar,2015-11-01,2014-02-01,2015-11-01,3.847365461381626
126,74.4357731977982,27.8008006700151,Tal Chhapar,2015-11-01,2014-02-01,2015-11-01,12.801233449074575
0,74.4373008076628,27.7998144497804,Tal Chhapar,2015-12-01,2015-11-01,2015-12-01,1.726800264634704
1,74.4373883433165,27.8001942742799,Tal Chhapar,2015-12-01,2015-11-01,2015-12-01,1.5827176768064564
2,74.4377932894092,27.7998017694623,Tal Chhapar,2015-12-01,2015-11-01,2015-12-01,20.116786400038947
3,74.4376601634963,27.7999221648692,Tal Chhapar,2015-12-01,2015-11-01,2015-12-01,1.9183565741246298
4,74.4375671813468,27.8001208649771,Tal Chhapar,2015-12-01,2015-11-01,2015-12-01,1.6325648326070927
5,74.4375622118859,27.7997433532873,Tal Chhapar,2015-12-01,2015-11-01,2015-12-01,2.361287857259138
6,74.4374644346542,27.7995952765243,Tal Chhapar,2015-12-01,2015-11-01,2015-12-01,1.1906113851162319
7,74.4374567315059,27.7999926904663,Tal Chhapar,2015-12-01,2015-11-01,2015-12-01,1.130152819206646
8,74.4376675586635,27.7993802327247,Tal Chhapar,2015-12-01,2015-11-01,2015-12-01,0.9934822482048893
9,74.4372792060223,27.7993878007878,Tal Chhapar,2015-12-01,2015-11-01,2015-12-01,1.282337514751404
10,74.4371213194728,27.7994222735988,Tal Chhapar,2015-12-01,2015-11-01,2015-12-01,0.3701803185216121
11,74.4372907014788,27.800307869744,Tal Chhapar,2015-12-01,2015-11-01,2015-12-01,0.5297046952358789
12,74.4374383126095,27.7994727136441,Tal Chhapar,2015-12-01,2015-11-01,2015-12-01,1.030470674509066
13,74.4372860137067,27.7996028013846,Tal Chhapar,2015-12-01,2015-11-01,2015-12-01,2.02720443125838
14,74.4369740595984,27.799664152791,Tal Chhapar,2015-12-01,2015-11-01,2015-12-01,1.8512106827739316
15,74.4370358537382,27.7998517101497,Tal Chhapar,2015-12-01,2015-11-01,2015-12-01,1.6028878778850382
16,74.4367860833697,27.7994291816005,Tal Chhapar,2015-12-01,2015-11-01,2015-12-01,0.7339436172144761
17,74.4367691368562,27.7997776001309,Tal Chhapar,2015-12-01,2015-11-01,2015-12-01,1.0205766787488986
18,74.4370198479268,27.8001328731677,Tal Chhapar,2015-12-01,2015-11-01,2015-12-01,0.4629900574415428
19,74.4371477558062,27.8000089648429,Tal Chhapar,2015-12-01,2015-11-01,2015-12-01,0.5189886542836534
20,74.4368969262814,27.8000791923472,Tal Chhapar,2015-12-01,2015-11-01,2015-12-01,1.4822071120957758
21,74.4367642351315,27.7999571559766,Tal Chhapar,2015-12-01,2015-11-01,2015-12-01,0.5286994516110173
22,74.436777883869,27.8002657602337,Tal Chhapar,2015-12-01,2015-11-01,2015-12-01,0.9074040653443632
23,74.4365225281348,27.8001749605727,Tal Chhapar,2015-12-01,2015-11-01,2015-12-01,0.8201629136486474
24,74.4370438061683,27.8003527199432,Tal Chhapar,2015-12-01,2015-11-01,2015-12-01,0.22638338100905184
25,74.4371777704712,27.8005720008628,Tal Chhapar,2015-12-01,2015-11-01,2015-12-01,1.0794604448945075
26,74.4366627712828,27.8005530878202,Tal Chhapar,2015-12-01,2015-11-01,2015-12-01,0.19680636268293228
27,74.4364356269311,27.8005093530202,Tal Chhapar,2015-12-01,2015-11-01,2015-12-01,0.912560267577278
31,74.4363424939334,27.8008414698828,Tal Chhapar,2015-12-01,2015-11-01,2015-12-01,0.7408881863636758
32,74.4359772315694,27.8008026757172,Tal Chhapar,2015-12-01,2015-11-01,2015-12-01,0.9926931175466974
33,74.4357753880988,27.800803110082,Tal Chhapar,2015-12-01,2015-11-01,2015-12-01,0.34585345755554453
34,74.4359933760195,27.8005823742384,Tal Chhapar,2015-12-01,2015-11-01,2015-12-01,0.7291755820145289
35,74.4358231077399,27.8005960409759,Tal Chhapar,2015-12-01,2015-11-01,2015-12-01,0.5491379581721552
36,74.436399072979,27.8003540847075,Tal Chhapar,2015-12-01,2015-11-01,2015-12-01,0.7274434091902102
37,74.4365845478535,27.8002741481741,Tal Chhapar,2015-12-01,2015-11-01,2015-12-01,0.08118475773669588
38,74.4363097974216,27.8002470924936,Tal Chhapar,2015-12-01,2015-11-01,2015-12-01,0.981839098972844
39,74.436054707623,27.8002929903262,Tal Chhapar,2015-12-01,2015-11-01,2015-12-01,0.8402210298767356
40,74.4361858792957,27.800430103652,Tal Chhapar,2015-12-01,2015-11-01,2015-12-01,0.6288812315502335
41,74.435901529948,27.8004104046856,Tal Chhapar,2015-12-01,2015-11-01,2015-12-01,0.46972411902626043
42,74.4355075197964,27.8002626300723,Tal Chhapar,2015-12-01,2015-11-01,2015-12-01,1.0193261528626285
45,74.4354987163439,27.799913168881,Tal Chhapar,2015-12-01,2015-11-01,2015-12-01,1.6185888494386103
46,74.4362158440774,27.8000395758383,Tal Chhapar,2015-12-01,2015-11-01,2015-12-01,1.0223577329545688
47,74.4365648130938,27.7999994276296,Tal Chhapar,2015-12-01,2015-11-01,2015-12-01,0.8392484967125223
48,74.4364133684044,27.7998844627791,Tal Chhapar,2015-12-01,2015-11-01,2015-12-01,0.1527683393150711
49,74.4366047809746,27.7997344541557,Tal Chhapar,2015-12-01,2015-11-01,2015-12-01,0.19228116881199991
50,74.436531055932,27.7998253389907,Tal Chhapar,2015-12-01,2015-11-01,2015-12-01,0.6659037569610649
51,74.4364053083482,27.7996471490147,Tal Chhapar,2015-12-01,2015-11-01,2015-12-01,1.1004677219507355
52,74.4363128827211,27.7997821605661,Tal Chhapar,2015-12-01,2015-11-01,2015-12-01,1.6895823688376759
53,74.4359966288905,27.7999914997465,Tal Chhapar,2015-12-01,2015-11-01,2015-12-01,0.7245247639417238
54,74.435699872743,27.7998947456434,Tal Chhapar,2015-12-01,2015-11-01,2015-12-01,1.5027854342899025
55,74.4360718730565,27.7998269834276,Tal Chhapar,2015-12-01,2015-11-01,2015-12-01,1.5058802444569936
56,74.4361924065724,27.799695102419,Tal Chhapar,2015-12-01,2015-11-01,2015-12-01,1.5629008325580311
57,74.4358839830912,27.7997053219003,Tal Chhapar,2015-12-01,2015-11-01,2015-12-01,1.0443102102360797
58,74.4355619251179,27.7996743115736,Tal Chhapar,2015-12-01,2015-11-01,2015-12-01,1.225019933071186
59,74.435882877467,27.7998975473766,Tal Chhapar,2015-12-01,2015-11-01,2015-12-01,1.2878271722220198
60,74.4367241271391,27.7995723569669,Tal Chhapar,2015-12-01,2015-11-01,2015-12-01,1.1178048308069515
61,74.4365139019769,27.7995231155404,Tal Chhapar,2015-12-01,2015-11-01,2015-12-01,1.7368931112000228
62,74.4362637228256,27.799482748315,Tal Chhapar,2015-12-01,2015-11-01,2015-12-01,0.937434404977599
63,74.4360085125221,27.799433031048,Tal Chhapar,2015-12-01,2015-11-01,2015-12-01,1.5615999987674776
64,74.435820095464,27.799534012137,Tal Chhapar,2015-12-01,2015-11-01,2015-12-01,2.012104592428567
65,74.4357842187196,27.7992962423084,Tal Chhapar,2015-12-01,2015-11-01,2015-12-01,1.9138550073897627
66,74.4356072376958,27.7994469880001,Tal Chhapar,2015-12-01,2015-11-01,2015-12-01,2.235412158120211
67,74.4362572023302,27.7993403283733,Tal Chhapar,2015-12-01,2015-11-01,2015-12-01,1.0668049735769753
68,74.4354150103814,27.7994906367645,Tal Chhapar,2015-12-01,2015-11-01,2015-12-01,12.63930769653276
69,74.4352380362444,27.7997519199997,Tal Chhapar,2015-12-01,2015-11-01,2015-12-01,0.4783991885748178
70,74.4356349215574,27.7991568643255,Tal Chhapar,2015-12-01,2015-11-01,2015-12-01,1.3710891003946908
71,74.4355324460368,27.7990670118978,Tal Chhapar,2015-12-01,2015-11-01,2015-12-01,0.8590033135695083
73,74.4354017448647,27.799246920744,Tal Chhapar,2015-12-01,2015-11-01,2015-12-01,5.56766599518265
74,74.4360533943911,27.799039820512,Tal Chhapar,2015-12-01,2015-11-01,2015-12-01,1.9581947247421694
75,74.4360250129526,27.7988176608203,Tal Chhapar,2015-12-01,2015-11-01,2015-12-01,0.2743910698787547
76,74.4358329444403,27.798887057797,Tal Chhapar,2015-12-01,2015-11-01,2015-12-01,0.13735208102589502
77,74.4355272309221,27.7987582406636,Tal Chhapar,2015-12-01,2015-11-01,2015-12-01,0.49491905132387687
78,74.4356659310015,27.7989562083017,Tal Chhapar,2015-12-01,2015-11-01,2015-12-01,0.9226224679210367
79,74.4358784358143,27.7986230691492,Tal Chhapar,2015-12-01,2015-11-01,2015-12-01,0.4738371556544009
80,74.4361645233462,27.7985516768677,Tal Chhapar,2015-12-01,2015-11-01,2015-12-01,0.6323153005023464
81,74.4362908980892,27.7987564335042,Tal Chhapar,2015-12-01,2015-11-01,2015-12-01,2.1341704367332794
86,74.4363802228346,27.7984770298728,Tal Chhapar,2015-12-01,2015-11-01,2015-12-01,1.4865286674544744
90,74.4365803669301,27.7986242457697,Tal Chhapar,2015-12-01,2015-11-01,2015-12-01,1.2482851744637016
93,74.4363645743379,27.7989978601247,Tal Chhapar,2015-12-01,2015-11-01,2015-12-01,1.2386910935389166
94,74.4364548617307,27.7991561827079,Tal Chhapar,2015-12-01,2015-11-01,2015-12-01,1.2970422011048057
95,74.4364827301732,27.7989166687505,Tal Chhapar,2015-12-01,2015-11-01,2015-12-01,1.324966371470309
96,74.43624036664,27.798886926041,Tal Chhapar,2015-12-01,2015-11-01,2015-12-01,14.724828977670327
97,74.4366629401296,27.7988154070079,Tal Chhapar,2015-12-01,2015-11-01,2015-12-01,0.5997928346582483
98,74.4368611973893,27.7988654241653,Tal Chhapar,2015-12-01,2015-11-01,2015-12-01,0.10572567907221599
99,74.4368740045234,27.7992036462495,Tal Chhapar,2015-12-01,2015-11-01,2015-12-01,1.3254134722208994
100,74.436659766418,27.7991916117171,Tal Chhapar,2015-12-01,2015-11-01,2015-12-01,2.407198915507793
101,74.4367778153796,27.7990445348248,Tal Chhapar,2015-12-01,2015-11-01,2015-12-01,21.16670573210593
102,74.4366069583147,27.7989984532862,Tal Chhapar,2015-12-01,2015-11-01,2015-12-01,14.968613255057676
103,74.4372453062118,27.7991610011307,Tal Chhapar,2015-12-01,2015-11-01,2015-12-01,1.0605336322347187
104,74.4370622669762,27.7992966058108,Tal Chhapar,2015-12-01,2015-11-01,2015-12-01,0.8490002727001138
105,74.4368597546079,27.8008409169725,Tal Chhapar,2015-12-01,2015-11-01,2015-12-01,15.5383804433252
0,74.4361944780417,27.800450756624,Tal Chhapar,2018-01-01,2015-12-01,2018-01-01,2.439621927944104
1,74.4366850027606,27.8004098791434,Tal Chhapar,2018-01-01,2015-12-01,2018-01-01,16.01454438108078
2,74.4364056463149,27.8007971717555,Tal Chhapar,2018-01-01,2015-12-01,2018-01-01,7.923395248841809
3,74.4369281595797,27.8004052106784,Tal Chhapar,2018-01-01,2015-12-01,2018-01-01,12.790161218288953
4,74.4371050189609,27.8004377867143,Tal Chhapar,2018-01-01,2015-12-01,2018-01-01,11.187460841043182
6,74.4372870269457,27.8003200990313,Tal Chhapar,2018-01-01,2015-12-01,2018-01-01,1.402236484521964
7,74.4367591092746,27.8007392908546,Tal Chhapar,2018-01-01,2015-12-01,2018-01-01,15.00095385443675
8,74.4359034308085,27.800398061698,Tal Chhapar,2018-01-01,2015-12-01,2018-01-01,1.380070361963199
9,74.4356981283664,27.8003355095129,Tal Chhapar,2018-01-01,2015-12-01,2018-01-01,20.438358145218853
11,74.4356653321831,27.8005092035083,Tal Chhapar,2018-01-01,2015-12-01,2018-01-01,18.278058890357322
12,74.4355573093035,27.8002030377121,Tal Chhapar,2018-01-01,2015-12-01,2018-01-01,8.2239824558119
13,74.4363999743752,27.8003639303194,Tal Chhapar,2018-01-01,2015-12-01,2018-01-01,1.094267275873501
14,74.4363431848179,27.80029873527,Tal Chhapar,2018-01-01,2015-12-01,2018-01-01,6.5988033476002785
15,74.4361071561837,27.800207080053,Tal Chhapar,2018-01-01,2015-12-01,2018-01-01,10.82879790456221
16,74.4369196749765,27.8002391650735,Tal Chhapar,2018-01-01,2015-12-01,2018-01-01,14.274739220717228
17,74.4365249298016,27.8001784546883,Tal Chhapar,2018-01-01,2015-12-01,2018-01-01,0.45364039584088006
18,74.4358216978445,27.8001953241299,Tal Chhapar,2018-01-01,2015-12-01,2018-01-01,25.090060851101853
19,74.4370400967064,27.8001639985177,Tal Chhapar,2018-01-01,2015-12-01,2018-01-01,3.9833336913154587
20,74.4363794546431,27.8000987734129,Tal Chhapar,2018-01-01,2015-12-01,2018-01-01,16.427498297710567
21,74.4367803683731,27.800103828926,Tal Chhapar,2018-01-01,2015-12-01,2018-01-01,11.801677351426623
22,74.4362367434048,27.800062665153,Tal Chhapar,2018-01-01,2015-12-01,2018-01-01,3.283358357984148
23,74.4360102243693,27.8001299989544,Tal Chhapar,2018-01-01,2015-12-01,2018-01-01,15.400747483068029
24,74.4374145794251,27.800184103717,Tal Chhapar,2018-01-01,2015-12-01,2018-01-01,2.819341680167143
25,74.4375723938818,27.8001209090772,Tal Chhapar,2018-01-01,2015-12-01,2018-01-01,0.5134948552547812
26,74.4371947789568,27.8001574850071,Tal Chhapar,2018-01-01,2015-12-01,2018-01-01,17.09212683852026
27,74.4374434428163,27.7999825246151,Tal Chhapar,2018-01-01,2015-12-01,2018-01-01,1.7267716633010273
28,74.4372813186758,27.8000172590916,Tal Chhapar,2018-01-01,2015-12-01,2018-01-01,13.188945359077447
29,74.4376611338996,27.7999256020906,Tal Chhapar,2018-01-01,2015-12-01,2018-01-01,0.392577989994482
30,74.4370310864505,27.800017046632,Tal Chhapar,2018-01-01,2015-12-01,2018-01-01,11.5275872992642
31,74.4375774827007,27.7997658897342,Tal Chhapar,2018-01-01,2015-12-01,2018-01-01,2.9146860259772365
32,74.4377897277791,27.7997995705901,Tal Chhapar,2018-01-01,2015-12-01,2018-01-01,0.4271134618533736
33,74.437216937549593,27.7998664547614,Tal Chhapar,2018-01-01,2015-12-01,2018-01-01,10.072029346262367
34,74.4368902336148,27.7999325941265,Tal Chhapar,2018-01-01,2015-12-01,2018-01-01,12.706494650859312
35,74.437061159984,27.7998523853129,Tal Chhapar,2018-01-01,2015-12-01,2018-01-01,2.4939724861364505
36,74.4367988777627,27.7999642206812,Tal Chhapar,2018-01-01,2015-12-01,2018-01-01,3.501137031189952
37,74.4374391916384,27.7999024956252,Tal Chhapar,2018-01-01,2015-12-01,2018-01-01,10.139726100663761
38,74.4373012414271,27.7998296468721,Tal Chhapar,2018-01-01,2015-12-01,2018-01-01,1.6840168174288335
40,74.4373874361897,27.799736025805,Tal Chhapar,2018-01-01,2015-12-01,2018-01-01,12.177610121793249
41,74.4366206399065,27.8000530129089,Tal Chhapar,2018-01-01,2015-12-01,2018-01-01,8.091878266284764
42,74.4365230900082,27.7999860697021,Tal Chhapar,2018-01-01,2015-12-01,2018-01-01,4.368287174660513
43,74.4362280029436,27.7999220500153,Tal Chhapar,2018-01-01,2015-12-01,2018-01-01,13.074034240696502
44,74.43610759514,27.7999347139704,Tal Chhapar,2018-01-01,2015-12-01,2018-01-01,12.441955372568257
45,74.4365485817561,27.7998633653736,Tal Chhapar,2018-01-01,2015-12-01,2018-01-01,4.552469125498579
46,74.4359108887267,27.8000478820888,Tal Chhapar,2018-01-01,2015-12-01,2018-01-01,10.504548739249355
47,74.4368244417445,27.7998057985665,Tal Chhapar,2018-01-01,2015-12-01,2018-01-01,6.279939168324795
48,74.4357966994945,27.7999387255623,Tal Chhapar,2018-01-01,2015-12-01,2018-01-01,9.637097106631897
49,74.4358982057577,27.7998897642017,Tal Chhapar,2018-01-01,2015-12-01,2018-01-01,1.7387687026481942
50,74.4360538174376,27.799847401507,Tal Chhapar,2018-01-01,2015-12-01,2018-01-01,2.877387541739354
51,74.4363536075456,27.7998457290915,Tal Chhapar,2018-01-01,2015-12-01,2018-01-01,7.2846464406600635
52,74.4358496714685,27.7997602136861,Tal Chhapar,2018-01-01,2015-12-01,2018-01-01,6.956936931053317
53,74.4361825590502,27.7997545264241,Tal Chhapar,2018-01-01,2015-12-01,2018-01-01,6.653851905936343
54,74.4360051512265,27.7997246837893,Tal Chhapar,2018-01-01,2015-12-01,2018-01-01,12.127143692343296
55,74.4366429113111,27.7997801676408,Tal Chhapar,2018-01-01,2015-12-01,2018-01-01,6.304931449133823
56,74.4367024205962,27.7998720527424,Tal Chhapar,2018-01-01,2015-12-01,2018-01-01,11.2229280266236
57,74.4370257909569,27.7996700806772,Tal Chhapar,2018-01-01,2015-12-01,2018-01-01,5.138062168041901
58,74.4372215378102,27.7996920359967,Tal Chhapar,2018-01-01,2015-12-01,2018-01-01,11.749648573802943
59,74.437681573802,27.7995977153754,Tal Chhapar,2018-01-01,2015-12-01,2018-01-01,19.96325871857792
60,74.4374553750138,27.7996083748922,Tal Chhapar,2018-01-01,2015-12-01,2018-01-01,1.703471520758241
69,74.4376904117784,27.7993818647576,Tal Chhapar,2018-01-01,2015-12-01,2018-01-01,2.258456685570071
74,74.437438636163,27.8006258426775,Tal Chhapar,2018-01-01,2015-12-01,2018-01-01,1.8948021957053642
75,74.4369052920702,27.8009278622506,Tal Chhapar,2018-01-01,2015-12-01,2018-01-01,0.9657980392740153
77,74.4356128616689,27.799832590143,Tal Chhapar,2018-01-01,2015-12-01,2018-01-01,10.994269546086517
78,74.4354138620548,27.8001006687176,Tal Chhapar,2018-01-01,2015-12-01,2018-01-01,20.17458504923833
79,74.4354843477686,27.7999432979389,Tal Chhapar,2018-01-01,2015-12-01,2018-01-01,3.6253038117574756
82,74.4353434465914,27.7998078269967,Tal Chhapar,2018-01-01,2015-12-01,2018-01-01,12.090347347723071
83,74.4355056608887,27.7997951072701,Tal Chhapar,2018-01-01,2015-12-01,2018-01-01,13.096287778943584
84,74.4352146449772,27.7998230912908,Tal Chhapar,2018-01-01,2015-12-01,2018-01-01,8.213898388202237
85,74.4352356770396,27.7997502774602,Tal Chhapar,2018-01-01,2015-12-01,2018-01-01,0.2951554386288075
102,74.4374345777704,27.7994850530158,Tal Chhapar,2018-01-01,2015-12-01,2018-01-01,1.4155542968156571
103,74.4374885159217,27.7992892676528,Tal Chhapar,2018-01-01,2015-12-01,2018-01-01,20.312766333736718
104,74.4374233191301,27.7992101111399,Tal Chhapar,2018-01-01,2015-12-01,2018-01-01,18.36017847538687
105,74.4372757581651,27.7993903519385,Tal Chhapar,2018-01-01,2015-12-01,2018-01-01,0.44183957824129905
106,74.4371902508891,27.7995599843762,Tal Chhapar,2018-01-01,2015-12-01,2018-01-01,10.558662064759414
135,74.4364100774602,27.7997012418639,Tal Chhapar,2018-01-01,2015-12-01,2018-01-01,6.010583688275679
136,74.4366284357392,27.7996482662895,Tal Chhapar,2018-01-01,2015-12-01,2018-01-01,9.827794334644054
137,74.4368935489506,27.7996390598381,Tal Chhapar,2018-01-01,2015-12-01,2018-01-01,8.403925605087075
138,74.4370145531549,27.799541341064,Tal Chhapar,2018-01-01,2015-12-01,2018-01-01,14.177333032272479
139,74.4367604457365,27.7995874612956,Tal Chhapar,2018-01-01,2015-12-01,2018-01-01,3.949585452241249
140,74.4370910537286,27.7993170135267,Tal Chhapar,2018-01-01,2015-12-01,2018-01-01,3.6265708880137058
141,74.437273527481,27.7991704932982,Tal Chhapar,2018-01-01,2015-12-01,2018-01-01,2.972233298475517
142,74.4368146738753,27.7994416188373,Tal Chhapar,2018-01-01,2015-12-01,2018-01-01,3.13531775583801
143,74.4369819601426,27.7994071711637,Tal Chhapar,2018-01-01,2015-12-01,2018-01-01,13.82953629874499
144,74.436492527734,27.7995504438867,Tal Chhapar,2018-01-01,2015-12-01,2018-01-01,3.687540372043847
145,74.4361526740617,27.7995928226278,Tal Chhapar,2018-01-01,2015-12-01,2018-01-01,11.987139236841209
146,74.4358141677241,27.7995446396333,Tal Chhapar,2018-01-01,2015-12-01,2018-01-01,1.3141319604954222
147,74.4362815636266,27.799513592302,Tal Chhapar,2018-01-01,2015-12-01,2018-01-01,3.8422670202499627
148,74.4360487581223,27.7994782643554,Tal Chhapar,2018-01-01,2015-12-01,2018-01-01,6.389451610646885
177,74.4370695622595,27.7991379070603,Tal Chhapar,2018-01-01,2015-12-01,2018-01-01,17.500179778166576
178,74.4370235730187,27.798883870328,Tal Chhapar,2018-01-01,2015-12-01,2018-01-01,16.12532635391472
179,74.4368639900819,27.798908247367,Tal Chhapar,2018-01-01,2015-12-01,2018-01-01,4.751757415773134
180,74.4368504046354,27.7987393301607,Tal Chhapar,2018-01-01,2015-12-01,2018-01-01,14.00860446675917
183,74.4369012196646,27.7992238955147,Tal Chhapar,2018-01-01,2015-12-01,2018-01-01,3.49555629603248
184,74.4365705943456,27.7994057741274,Tal Chhapar,2018-01-01,2015-12-01,2018-01-01,14.147522880066445
185,74.4366758532979,27.7993548573833,Tal Chhapar,2018-01-01,2015-12-01,2018-01-01,13.627009640528009
186,74.4367863045231,27.7993218651989,Tal Chhapar,2018-01-01,2015-12-01,2018-01-01,11.888113119576731
187,74.4366686891223,27.7991903671984,Tal Chhapar,2018-01-01,2015-12-01,2018-01-01,0.889703256064129
188,74.4367673895836,27.7990333865603,Tal Chhapar,2018-01-01,2015-12-01,2018-01-01,1.6062097576682393
189,74.4366126300752,27.7990128864672,Tal Chhapar,2018-01-01,2015-12-01,2018-01-01,1.6936611278153402
190,74.4366613290738,27.7988193826058,Tal Chhapar,2018-01-01,2015-12-01,2018-01-01,0.4681235610000221
191,74.436578926245,27.798638483568,Tal Chhapar,2018-01-01,2015-12-01,2018-01-01,1.5835799429125306
192,74.4367837866462,27.7984608511407,Tal Chhapar,2018-01-01,2015-12-01,2018-01-01,21.835093645057402
193,74.4367988372381,27.7986195264567,Tal Chhapar,2018-01-01,2015-12-01,2018-01-01,21.527519393773197
194,74.4366162713416,27.7984046582498,Tal Chhapar,2018-01-01,2015-12-01,2018-01-01,5.602063066272274
195,74.4364367747939,27.7983220352234,Tal Chhapar,2018-01-01,2015-12-01,2018-01-01,14.510309773990228
199,74.4361949858193,27.7982679883733,Tal Chhapar,2018-01-01,2015-12-01,2018-01-01,0.3571379310946398
200,74.4363495695255,27.7982353309851,Tal Chhapar,2018-01-01,2015-12-01,2018-01-01,15.618509064932782
201,74.4363879285847,27.7985132787538,Tal Chhapar,2018-01-01,2015-12-01,2018-01-01,4.0866274071015285
202,74.4363628607987,27.7987891803849,Tal Chhapar,2018-01-01,2015-12-01,2018-01-01,7.9631739303553335
203,74.4364806672488,27.7989096835381,Tal Chhapar,2018-01-01,2015-12-01,2018-01-01,0.8000340100814478
204,74.4362359986558,27.7989137611508,Tal Chhapar,2018-01-01,2015-12-01,2018-01-01,3.0036682153169947
205,74.4363588364379,27.7990116729935,Tal Chhapar,2018-01-01,2015-12-01,2018-01-01,1.6311959541131316
206,74.4364423755639,27.7991746784102,Tal Chhapar,2018-01-01,2015-12-01,2018-01-01,2.389724816662501
207,74.4365371834891,27.7992662080499,Tal Chhapar,2018-01-01,2015-12-01,2018-01-01,14.632165212805637
208,74.4362837477638,27.7993497661883,Tal Chhapar,2018-01-01,2015-12-01,2018-01-01,2.81618687288163
209,74.4371464925245,27.7990056807362,Tal Chhapar,2018-01-01,2015-12-01,2018-01-01,19.768376555397655
211,74.43578661336,27.7993226935035,Tal Chhapar,2018-01-01,2015-12-01,2018-01-01,2.939640570709978
212,74.436058826282,27.7992799213099,Tal Chhapar,2018-01-01,2015-12-01,2018-01-01,17.67023183962738
213,74.4362376630752,27.7991732309055,Tal Chhapar,2018-01-01,2015-12-01,2018-01-01,18.610210758813118
214,74.4360502060271,27.7990709674229,Tal Chhapar,2018-01-01,2015-12-01,2018-01-01,3.4645993530205796
215,74.4360280650023,27.7988332528829,Tal Chhapar,2018-01-01,2015-12-01,2018-01-01,1.7531994694817465
216,74.4361712891172,27.7985621529726,Tal Chhapar,2018-01-01,2015-12-01,2018-01-01,1.3382707847514235
217,74.4360043145914,27.7984884177055,Tal Chhapar,2018-01-01,2015-12-01,2018-01-01,15.357774581649918
218,74.4361656408349,27.7987596463289,Tal Chhapar,2018-01-01,2015-12-01,2018-01-01,12.344014709928334
219,74.4358867780336,27.7985984911219,Tal Chhapar,2018-01-01,2015-12-01,2018-01-01,2.843974126377779
220,74.435693414591,27.798969592203,Tal Chhapar,2018-01-01,2015-12-01,2018-01-01,3.08673570182451
221,74.4358294970556,27.7990873308341,Tal Chhapar,2018-01-01,2015-12-01,2018-01-01,20.657059141413324
222,74.4356224013565,27.7991472243652,Tal Chhapar,2018-01-01,2015-12-01,2018-01-01,1.6314070718180156
223,74.4354401468539,27.7990302390486,Tal Chhapar,2018-01-01,2015-12-01,2018-01-01,9.963042391685132
225,74.4357268481731,27.7986949379798,Tal Chhapar,2018-01-01,2015-12-01,2018-01-01,16.922393818092893
226,74.4358616307071,27.7989152108151,Tal Chhapar,2018-01-01,2015-12-01,2018-01-01,4.208504151886138
227,74.4354577628387,27.7987682658582,Tal Chhapar,2018-01-01,2015-12-01,2018-01-01,6.932713030879037
229,74.4354056316599,27.7987219928994,Tal Chhapar,2018-01-01,2015-12-01,2018-01-01,12.63363888402243
232,74.4356786232354,27.7985660288261,Tal Chhapar,2018-01-01,2015-12-01,2018-01-01,19.859741114907855
233,74.4356171751116,27.7985191622671,Tal Chhapar,2018-01-01,2015-12-01,2018-01-01,13.009360738891166
234,74.4359864711668,27.7983000548935,Tal Chhapar,2018-01-01,2015-12-01,2018-01-01,5.692212133100711
235,74.4358482081411,27.7982888760414,Tal Chhapar,2018-01-01,2015-12-01,2018-01-01,1.0729463660397474
238,74.4354152992542,27.7994846383259,Tal Chhapar,2018-01-01,2015-12-01,2018-01-01,0.6650928408439567
239,74.4370697225321,27.8007062471459,Tal Chhapar,2018-01-01,2015-12-01,2018-01-01,18.287640832112864
240,74.4355724738354,27.7994081598046,Tal Chhapar,2018-01-01,2015-12-01,2018-01-01,5.4979908160468085
0,74.4369059407893,27.8003833333333,Tal Chhapar,2018-11-01,2018-01-01,2018-11-01,3.2655339355357267
1,74.4364939495789,27.8003077495848,Tal Chhapar,2018-11-01,2018-01-01,2018-11-01,11.154713145589367
2,74.436644537756,27.8001345891618,Tal Chhapar,2018-11-01,2018-01-01,2018-11-01,9.338296833112052
3,74.4362908467931,27.800098679379,Tal Chhapar,2018-11-01,2018-01-01,2018-11-01,6.657368565764074
4,74.4369828161477,27.8000032167748,Tal Chhapar,2018-11-01,2018-01-01,2018-11-01,4.995681779855024
5,74.436701296843,27.7998878956989,Tal Chhapar,2018-11-01,2018-01-01,2018-11-01,1.758508855520838
6,74.4369080596628,27.7992211627385,Tal Chhapar,2018-11-01,2018-01-01,2018-11-01,0.7386754312039885
7,74.4369926598118,27.7994338227307,Tal Chhapar,2018-11-01,2018-01-01,2018-11-01,3.134856708389086
8,74.4367999924493,27.7993583201231,Tal Chhapar,2018-11-01,2018-01-01,2018-11-01,4.257492307718501
9,74.4365727107728,27.7994240772405,Tal Chhapar,2018-11-01,2018-01-01,2018-11-01,2.0382382984843423
10,74.436559570419,27.799650844116,Tal Chhapar,2018-11-01,2018-01-01,2018-11-01,6.789759659619306
11,74.4367853176383,27.7996077737859,Tal Chhapar,2018-11-01,2018-01-01,2018-11-01,3.3265551934552335
12,74.437053530917,27.7996978006391,Tal Chhapar,2018-11-01,2018-01-01,2018-11-01,4.1105139560445885
13,74.4363704786958,27.799868890412,Tal Chhapar,2018-11-01,2018-01-01,2018-11-01,3.0569500618199412
14,74.4363154953351,27.7993725873418,Tal Chhapar,2018-11-01,2018-01-01,2018-11-01,4.021380809339184
15,74.4365346436884,27.7992778173158,Tal Chhapar,2018-11-01,2018-01-01,2018-11-01,1.310139906501845
16,74.4367120032424,27.7992135509638,Tal Chhapar,2018-11-01,2018-01-01,2018-11-01,4.980073723636994
17,74.4372185998073,27.7993079889504,Tal Chhapar,2018-11-01,2018-01-01,2018-11-01,10.721364875455519
18,74.4370853350044,27.7991380330878,Tal Chhapar,2018-11-01,2018-01-01,2018-11-01,1.5538038936821525
19,74.4363940669813,27.7990556465875,Tal Chhapar,2018-11-01,2018-01-01,2018-11-01,5.981065277477708
20,74.4362193389482,27.7991847234122,Tal Chhapar,2018-11-01,2018-01-01,2018-11-01,2.208858757947787
21,74.4365985663181,27.7990212632837,Tal Chhapar,2018-11-01,2018-01-01,2018-11-01,1.6674559649530902
22,74.43678508831,27.7990501446115,Tal Chhapar,2018-11-01,2018-01-01,2018-11-01,2.5467367349297247
23,74.4364629231016,27.7991847530849,Tal Chhapar,2018-11-01,2018-01-01,2018-11-01,2.3113835293596314
24,74.4369258513956,27.799554375018,Tal Chhapar,2018-11-01,2018-01-01,2018-11-01,8.8562870569794665
25,74.4371223237387,27.7994294807858,Tal Chhapar,2018-11-01,2018-01-01,2018-11-01,12.833834488165836
26,74.4368380038483,27.7994919443639,Tal Chhapar,2018-11-01,2018-01-01,2018-11-01,6.029989129979847
27,74.4367929231197,27.7997446199855,Tal Chhapar,2018-11-01,2018-01-01,2018-11-01,7.454483410532287
28,74.4365855954731,27.799930181227,Tal Chhapar,2018-11-01,2018-01-01,2018-11-01,8.250933031678493
29,74.4366334973538,27.8002702291769,Tal Chhapar,2018-11-01,2018-01-01,2018-11-01,14.755743946009591
30,74.4363067317627,27.7995143522247,Tal Chhapar,2018-11-01,2018-01-01,2018-11-01,2.4806826175953294
31,74.4361912706907,27.7996502075177,Tal Chhapar,2018-11-01,2018-01-01,2018-11-01,7.407126385999486
32,74.4360711392222,27.7994712904823,Tal Chhapar,2018-11-01,2018-01-01,2018-11-01,2.3361428958344743
33,74.436860274518,27.7998368567005,Tal Chhapar,2018-11-01,2018-01-01,2018-11-01,4.929144706602106
34,74.4371933991906,27.7995810744454,Tal Chhapar,2018-11-01,2018-01-01,2018-11-01,2.356770186420072
35,74.4361946441499,27.7998577187242,Tal Chhapar,2018-11-01,2018-01-01,2018-11-01,7.84751674364286
36,74.4364866627343,27.800038453531698,Tal Chhapar,2018-11-01,2018-01-01,2018-11-01,6.822729088394391
37,74.4365184160692,27.7997396664831,Tal Chhapar,2018-11-01,2018-01-01,2018-11-01,11.489694088139219
38,74.4369006196277,27.799672106981,Tal Chhapar,2018-11-01,2018-01-01,2018-11-01,3.7265047810209038
39,74.4368118246814,27.799986269384,Tal Chhapar,2018-11-01,2018-01-01,2018-11-01,2.755397246600999
40,74.4363172636126,27.7997001815943,Tal Chhapar,2018-11-01,2018-01-01,2018-11-01,9.14361242630976
41,74.4372915045874,27.7994096598275,Tal Chhapar,2018-11-01,2018-01-01,2018-11-01,2.6421089343327635
42,74.4374375119685,27.7995042752396,Tal Chhapar,2018-11-01,2018-01-01,2018-11-01,2.1488907162204764
43,74.4376177579251,27.7997165629875,Tal Chhapar,2018-11-01,2018-01-01,2018-11-01,6.752635213042005
44,74.4375456537438,27.7994507279222,Tal Chhapar,2018-11-01,2018-01-01,2018-11-01,11.583695978183579
45,74.4376859729449,27.7993904939248,Tal Chhapar,2018-11-01,2018-01-01,2018-11-01,1.051166514508869
46,74.4378432667757,27.799238560722,Tal Chhapar,2018-11-01,2018-01-01,2018-11-01,10.421904586228074
47,74.4380494509508,27.7991796955132,Tal Chhapar,2018-11-01,2018-01-01,2018-11-01,8.765586520340742
48,74.4379639193747,27.7991603295638,Tal Chhapar,2018-11-01,2018-01-01,2018-11-01,0.9174518621916982
49,74.4381768152226,27.7991146463665,Tal Chhapar,2018-11-01,2018-01-01,2018-11-01,10.477370752244076
50,74.4382745076363,27.7989788676329,Tal Chhapar,2018-11-01,2018-01-01,2018-11-01,14.867494406810756
51,74.4378253405168,27.7989621224012,Tal Chhapar,2018-11-01,2018-01-01,2018-11-01,5.112185003415799
52,74.4375261533806,27.7992816568734,Tal Chhapar,2018-11-01,2018-01-01,2018-11-01,3.802234729456064
53,74.4380656241001,27.7987594458779,Tal Chhapar,2018-11-01,2018-01-01,2018-11-01,20.00434299990199
54,74.4374278813716,27.7992135762566,Tal Chhapar,2018-11-01,2018-01-01,2018-11-01,0.5910312501043191
55,74.4374055474822,27.7989962861915,Tal Chhapar,2018-11-01,2018-01-01,2018-11-01,4.781842849546898
56,74.4373550705436,27.7987028824044,Tal Chhapar,2018-11-01,2018-01-01,2018-11-01,0.36039591059597975
57,74.4379582670244,27.7986562322588,Tal Chhapar,2018-11-01,2018-01-01,2018-11-01,5.78408808575576
58,74.4377987392546,27.7986774913463,Tal Chhapar,2018-11-01,2018-01-01,2018-11-01,16.699146419945816
59,74.437759479565,27.7988392032083,Tal Chhapar,2018-11-01,2018-01-01,2018-11-01,1.605127448828712
65,74.4375663622841,27.7988543654787,Tal Chhapar,2018-11-01,2018-01-01,2018-11-01,1.4133308086384886
66,74.4372699180796,27.7991730615248,Tal Chhapar,2018-11-01,2018-01-01,2018-11-01,0.455366148344574
67,74.4372702191516,27.799029529554,Tal Chhapar,2018-11-01,2018-01-01,2018-11-01,12.180093910684793
68,74.4370115088535,27.7988861167328,Tal Chhapar,2018-11-01,2018-01-01,2018-11-01,1.2141934094033742
69,74.4370163435763,27.799033837335,Tal Chhapar,2018-11-01,2018-01-01,2018-11-01,12.66445216399381
70,74.4372085284075,27.7988703773399,Tal Chhapar,2018-11-01,2018-01-01,2018-11-01,7.656409231179325
71,74.4368744862098,27.7989198491871,Tal Chhapar,2018-11-01,2018-01-01,2018-11-01,1.6494884296573418
72,74.4360603187738,27.7990606843248,Tal Chhapar,2018-11-01,2018-01-01,2018-11-01,1.5132701801656172
73,74.4362594126521,27.7989418942349,Tal Chhapar,2018-11-01,2018-01-01,2018-11-01,3.877139620016718
74,74.4360587552188,27.7988525226713,Tal Chhapar,2018-11-01,2018-01-01,2018-11-01,3.700896219735599
75,74.4358698812059,27.7989361268308,Tal Chhapar,2018-11-01,2018-01-01,2018-11-01,2.4554051565952117
76,74.4357088033719,27.7989930903066,Tal Chhapar,2018-11-01,2018-01-01,2018-11-01,3.012270244090676
77,74.4357905781023,27.7991182443898,Tal Chhapar,2018-11-01,2018-01-01,2018-11-01,5.140557821514443
78,74.4356045961359,27.7992131106342,Tal Chhapar,2018-11-01,2018-01-01,2018-11-01,7.506416778502419
79,74.4354208679914,27.7987901640729,Tal Chhapar,2018-11-01,2018-01-01,2018-11-01,4.3696366791271615
80,74.4357723834413,27.7987463974359,Tal Chhapar,2018-11-01,2018-01-01,2018-11-01,7.253696109087854
81,74.4363498153032,27.7987987597982,Tal Chhapar,2018-11-01,2018-01-01,2018-11-01,1.6665944426584987
82,74.4359144821949,27.7986353024242,Tal Chhapar,2018-11-01,2018-01-01,2018-11-01,4.906782336097899
83,74.4355832061479,27.7985220942739,Tal Chhapar,2018-11-01,2018-01-01,2018-11-01,3.361959376386222
84,74.4371821729807,27.7987846294068,Tal Chhapar,2018-11-01,2018-01-01,2018-11-01,2.1928914019002197
85,74.4371404214441,27.7987162547629,Tal Chhapar,2018-11-01,2018-01-01,2018-11-01,10.74876247963636
86,74.4369427600888,27.7987448007523,Tal Chhapar,2018-11-01,2018-01-01,2018-11-01,9.117943066984456
87,74.4365160572057,27.7988943373345,Tal Chhapar,2018-11-01,2018-01-01,2018-11-01,3.8786042777769056
88,74.4367008756269,27.798840337318,Tal Chhapar,2018-11-01,2018-01-01,2018-11-01,4.534813109692603
89,74.4375759977471,27.7985905802039,Tal Chhapar,2018-11-01,2018-01-01,2018-11-01,8.559276790623882
90,74.4373889773094,27.7984926509433,Tal Chhapar,2018-11-01,2018-01-01,2018-11-01,4.637695832658708
91,74.4370463794266,27.7986266351146,Tal Chhapar,2018-11-01,2018-01-01,2018-11-01,0.5240054322432288
92,74.4372514128119,27.7984328701009,Tal Chhapar,2018-11-01,2018-01-01,2018-11-01,8.463901624062709
93,74.4370490883973,27.798457371247,Tal Chhapar,2018-11-01,2018-01-01,2018-11-01,10.759300463273469
94,74.4371626803138,27.7986144614581,Tal Chhapar,2018-11-01,2018-01-01,2018-11-01,11.016423767060916
95,74.4369701240151,27.7984139916921,Tal Chhapar,2018-11-01,2018-01-01,2018-11-01,3.7739704389651143
96,74.436773999024,27.7986313974544,Tal Chhapar,2018-11-01,2018-01-01,2018-11-01,2.7777665060976773
97,74.4367992169663,27.7984834552557,Tal Chhapar,2018-11-01,2018-01-01,2018-11-01,2.929240710073663
98,74.436652825352,27.7984189288137,Tal Chhapar,2018-11-01,2018-01-01,2018-11-01,3.932610409189817
99,74.4365913489702,27.7986483298651,Tal Chhapar,2018-11-01,2018-01-01,2018-11-01,1.6392829937646516
100,74.4363927351351,27.7985159272031,Tal Chhapar,2018-11-01,2018-01-01,2018-11-01,0.5570134317849449
101,74.4362958723459,27.7986935560277,Tal Chhapar,2018-11-01,2018-01-01,2018-11-01,12.480190775497116
102,74.4362032860294,27.7986076956392,Tal Chhapar,2018-11-01,2018-01-01,2018-11-01,5.948724084706818
103,74.4360091336849,27.7984885429393,Tal Chhapar,2018-11-01,2018-01-01,2018-11-01,0.4749247000180575
104,74.4361919704999,27.7984319587438,Tal Chhapar,2018-11-01,2018-01-01,2018-11-01,14.565591284795648
105,74.4364853337819,27.7983860762499,Tal Chhapar,2018-11-01,2018-01-01,2018-11-01,8.556260147513823
106,74.4362308864981,27.7982940741792,Tal Chhapar,2018-11-01,2018-01-01,2018-11-01,4.566982199072388
107,74.4359152299804,27.7983302849366,Tal Chhapar,2018-11-01,2018-01-01,2018-11-01,7.775915484596512
108,74.4356044224217,27.7982338688679,Tal Chhapar,2018-11-01,2018-01-01,2018-11-01,5.504301905810768
109,74.4359448302805,27.798130952323,Tal Chhapar,2018-11-01,2018-01-01,2018-11-01,19.176386288237964
110,74.4358432225987,27.7982995284644,Tal Chhapar,2018-11-01,2018-01-01,2018-11-01,1.2781543202720396
111,74.4361953976015,27.7981149241654,Tal Chhapar,2018-11-01,2018-01-01,2018-11-01,5.768728487288309
112,74.4364078464457,27.7979782025498,Tal Chhapar,2018-11-01,2018-01-01,2018-11-01,5.616289365109115
113,74.4366380391519,27.798070994217,Tal Chhapar,2018-11-01,2018-01-01,2018-11-01,0.8672114320596874
114,74.4363626724677,27.7982507485538,Tal Chhapar,2018-11-01,2018-01-01,2018-11-01,2.1407858990606212
115,74.4364384717337,27.7981416149666,Tal Chhapar,2018-11-01,2018-01-01,2018-11-01,5.966504241268811
116,74.4365799208256,27.7982405868725,Tal Chhapar,2018-11-01,2018-01-01,2018-11-01,5.70042307254007
117,74.436163388816,27.7978279768202,Tal Chhapar,2018-11-01,2018-01-01,2018-11-01,13.70096947928026
118,74.4360461915698,27.7979096014635,Tal Chhapar,2018-11-01,2018-01-01,2018-11-01,1.3355482522385025
119,74.4363066418389,27.7974622748642,Tal Chhapar,2018-11-01,2018-01-01,2018-11-01,4.2981253849361165
120,74.4358844633447,27.7978129716659,Tal Chhapar,2018-11-01,2018-01-01,2018-11-01,0.9295072530623364
121,74.435876938177,27.7975844817639,Tal Chhapar,2018-11-01,2018-01-01,2018-11-01,21.01470092042654
123,74.436534460693,27.7976662796893,Tal Chhapar,2018-11-01,2018-01-01,2018-11-01,5.757790002858401
124,74.4368658103041,27.7977878552205,Tal Chhapar,2018-11-01,2018-01-01,2018-11-01,1.7765283040777458
125,74.4369631011585,27.7976349346208,Tal Chhapar,2018-11-01,2018-01-01,2018-11-01,0.9619582982938191
127,74.4365893510848,27.7978887643614,Tal Chhapar,2018-11-01,2018-01-01,2018-11-01,4.521533982839407
129,74.4369079920628,27.7982163126428,Tal Chhapar,2018-11-01,2018-01-01,2018-11-01,3.875631723049445
130,74.4371435119368,27.7980799636733,Tal Chhapar,2018-11-01,2018-01-01,2018-11-01,1.390991045045266
131,74.4371050093042,27.7982629381731,Tal Chhapar,2018-11-01,2018-01-01,2018-11-01,7.2141559045473
132,74.4375115775912,27.7981019478655,Tal Chhapar,2018-11-01,2018-01-01,2018-11-01,4.658731272356346
133,74.4373489184729,27.7981367612,Tal Chhapar,2018-11-01,2018-01-01,2018-11-01,4.847086774357002
134,74.4374333521994,27.7982417391007,Tal Chhapar,2018-11-01,2018-01-01,2018-11-01,13.30690943427994
135,74.4375113984344,27.7984997331881,Tal Chhapar,2018-11-01,2018-01-01,2018-11-01,13.050463704442418
136,74.4376899060081,27.7982763834666,Tal Chhapar,2018-11-01,2018-01-01,2018-11-01,9.163686596028928
137,74.4376359132632,27.7984526492481,Tal Chhapar,2018-11-01,2018-01-01,2018-11-01,0.28849773922609023
138,74.4374788899447,27.7983603982463,Tal Chhapar,2018-11-01,2018-01-01,2018-11-01,18.450331968154586
139,74.4381884479545,27.7989054782875,Tal Chhapar,2018-11-01,2018-01-01,2018-11-01,8.351000370936653
140,74.4379412714379,27.7982032822076,Tal Chhapar,2018-11-01,2018-01-01,2018-11-01,7.951142167178867
141,74.4379197663353,27.7984417009445,Tal Chhapar,2018-11-01,2018-01-01,2018-11-01,1.4922071832405104
142,74.4376777793705,27.7980283397316,Tal Chhapar,2018-11-01,2018-01-01,2018-11-01,4.7244672491045785
143,74.4377581532232,27.7977766677095,Tal Chhapar,2018-11-01,2018-01-01,2018-11-01,6.131041405654154
144,74.4375479789087,27.7976183026623,Tal Chhapar,2018-11-01,2018-01-01,2018-11-01,5.29497718444546
145,74.4373021258347,27.7979352637536,Tal Chhapar,2018-11-01,2018-01-01,2018-11-01,18.56802685896014
146,74.4371498216302,27.7978675997784,Tal Chhapar,2018-11-01,2018-01-01,2018-11-01,13.379760049980037
147,74.4375158338671,27.7977603762744,Tal Chhapar,2018-11-01,2018-01-01,2018-11-01,13.768287746114039
148,74.4372700799554,27.7976367041593,Tal Chhapar,2018-11-01,2018-01-01,2018-11-01,1.2346556412178988
149,74.4372882619896,27.800319813309,Tal Chhapar,2018-11-01,2018-01-01,2018-11-01,0.12571014688119894
151,74.4374560368066,27.79997610216,Tal Chhapar,2018-11-01,2018-01-01,2018-11-01,1.4301234830261813
152,74.4374417450255,27.800242650997,Tal Chhapar,2018-11-01,2018-01-01,2018-11-01,7.016018208744731
153,74.4376842461077,27.799973680698,Tal Chhapar,2018-11-01,2018-01-01,2018-11-01,5.792176678007934
154,74.4372620558029,27.7997196257222,Tal Chhapar,2018-11-01,2018-01-01,2018-11-01,5.027080053598754
155,74.4372658105704,27.799956302133,Tal Chhapar,2018-11-01,2018-01-01,2018-11-01,6.923222564539708
156,74.4358263871268,27.7995534172627,Tal Chhapar,2018-11-01,2018-01-01,2018-11-01,1.5473758409500418
157,74.4355066852559,27.7997936798378,Tal Chhapar,2018-11-01,2018-01-01,2018-11-01,0.18757938849047484
158,74.4359325724869,27.8001401574878,Tal Chhapar,2018-11-01,2018-01-01,2018-11-01,7.731594073070338
0,74.436058284518,27.7988440438004,Tal Chhapar,2019-10-01,2018-11-01,2019-10-01,0.9404001460911486
1,74.4358775417064,27.7989459755493,Tal Chhapar,2019-10-01,2018-11-01,2019-10-01,1.3265523735463696
2,74.4357375885402,27.798750154164,Tal Chhapar,2019-10-01,2018-11-01,2019-10-01,3.4527591684971615
3,74.4360709590667,27.7987052737005,Tal Chhapar,2019-10-01,2018-11-01,2019-10-01,16.355908634765104
4,74.4359028512198,27.7986593476179,Tal Chhapar,2019-10-01,2018-11-01,2019-10-01,2.899600274108476
5,74.4356019239845,27.7985257942989,Tal Chhapar,2019-10-01,2018-11-01,2019-10-01,1.8888732787772984
6,74.4359912130922,27.7984769245077,Tal Chhapar,2019-10-01,2018-11-01,2019-10-01,2.1846925208149957
7,74.4358400874997,27.7984625227753,Tal Chhapar,2019-10-01,2018-11-01,2019-10-01,16.412783771459278
8,74.4358517379376,27.7982953661313,Tal Chhapar,2019-10-01,2018-11-01,2019-10-01,0.9572074359801174
9,74.4356117889465,27.7983643422256,Tal Chhapar,2019-10-01,2018-11-01,2019-10-01,14.47153619782314
10,74.4362241045075,27.7982993467884,Tal Chhapar,2019-10-01,2018-11-01,2019-10-01,0.8874043312740608
11,74.4358895207492,27.7981289898212,Tal Chhapar,2019-10-01,2018-11-01,2019-10-01,5.45281655129795
13,74.4361922472772,27.7981247033204,Tal Chhapar,2019-10-01,2018-11-01,2019-10-01,1.12687148883672
14,74.4361709146163,27.7978352845984,Tal Chhapar,2019-10-01,2018-11-01,2019-10-01,1.0977018004510424
15,74.4364218880819,27.7979613853253,Tal Chhapar,2019-10-01,2018-11-01,2019-10-01,2.3203209020441258
16,74.4358979513952,27.7978225114889,Tal Chhapar,2019-10-01,2018-11-01,2019-10-01,1.697712695518762
17,74.4365099657523,27.7976309270479,Tal Chhapar,2019-10-01,2018-11-01,2019-10-01,4.599924781517778
20,74.436017403262,27.7990805869309,Tal Chhapar,2019-10-01,2018-11-01,2019-10-01,4.7678929509149555
21,74.4361687469462,27.7990087258304,Tal Chhapar,2019-10-01,2018-11-01,2019-10-01,11.600766932040067
22,74.4362208263993,27.7991679695392,Tal Chhapar,2019-10-01,2018-11-01,2019-10-01,1.8617040376147864
23,74.436387536333,27.7990202294638,Tal Chhapar,2019-10-01,2018-11-01,2019-10-01,3.9757645069852603
24,74.4362367511635,27.7988878523104,Tal Chhapar,2019-10-01,2018-11-01,2019-10-01,6.389223802511756
25,74.436325357859,27.7988155533832,Tal Chhapar,2019-10-01,2018-11-01,2019-10-01,3.043905038261385
26,74.4361989929894,27.7986262788305,Tal Chhapar,2019-10-01,2018-11-01,2019-10-01,2.1015636989879294
27,74.4363335590045,27.7986809546738,Tal Chhapar,2019-10-01,2018-11-01,2019-10-01,3.966222184520933
28,74.4363930949125,27.7985247303673,Tal Chhapar,2019-10-01,2018-11-01,2019-10-01,0.9758239979475192
29,74.4366123619021,27.7986532765623,Tal Chhapar,2019-10-01,2018-11-01,2019-10-01,2.1412551489209477
30,74.4367957867932,27.7986229290448,Tal Chhapar,2019-10-01,2018-11-01,2019-10-01,2.3423366269579593
31,74.4367717202002,27.798485522624,Tal Chhapar,2019-10-01,2018-11-01,2019-10-01,2.718331332580303
32,74.4366384601228,27.7984244449941,Tal Chhapar,2019-10-01,2018-11-01,2019-10-01,1.541395685618084
33,74.436565879219,27.798273740598,Tal Chhapar,2019-10-01,2018-11-01,2019-10-01,3.9244856146176894
34,74.4366689670935,27.7980970799059,Tal Chhapar,2019-10-01,2018-11-01,2019-10-01,4.199100599988492
35,74.436828261403,27.7983247732501,Tal Chhapar,2019-10-01,2018-11-01,2019-10-01,14.354246249644659
36,74.4364404932044,27.799176922953,Tal Chhapar,2019-10-01,2018-11-01,2019-10-01,2.373680764813812
37,74.4363028146543,27.7993742531089,Tal Chhapar,2019-10-01,2018-11-01,2019-10-01,1.262701512531144
38,74.4364874781612,27.7995795922593,Tal Chhapar,2019-10-01,2018-11-01,2019-10-01,10.617564932882427
39,74.4359797650466,27.7993266630131,Tal Chhapar,2019-10-01,2018-11-01,2019-10-01,18.37662238086437
40,74.4360991917915,27.7996584699758,Tal Chhapar,2019-10-01,2018-11-01,2019-10-01,9.116527008237966
41,74.4361641271284,27.799431422517,Tal Chhapar,2019-10-01,2018-11-01,2019-10-01,10.169110859839636
42,74.4363414082989,27.7995128726272,Tal Chhapar,2019-10-01,2018-11-01,2019-10-01,3.4198340049410536
43,74.4366786933997,27.7992127919907,Tal Chhapar,2019-10-01,2018-11-01,2019-10-01,3.282360050817068
44,74.4365132332166,27.7993984661367,Tal Chhapar,2019-10-01,2018-11-01,2019-10-01,6.509762062819745
45,74.4363239718776,27.7998301021138,Tal Chhapar,2019-10-01,2018-11-01,2019-10-01,6.280972062980057
46,74.4365789008623,27.7996954901931,Tal Chhapar,2019-10-01,2018-11-01,2019-10-01,5.299631066428885
47,74.4365740553496,27.7999307847052,Tal Chhapar,2019-10-01,2018-11-01,2019-10-01,1.138749993934164
48,74.436651519613,27.8001334671244,Tal Chhapar,2019-10-01,2018-11-01,2019-10-01,0.6989036494708764
49,74.4368408171157,27.7996268602114,Tal Chhapar,2019-10-01,2018-11-01,2019-10-01,5.861716595384943
50,74.4369552828379,27.7998182760258,Tal Chhapar,2019-10-01,2018-11-01,2019-10-01,9.582682485633969
51,74.436819107762,27.7998021811077,Tal Chhapar,2019-10-01,2018-11-01,2019-10-01,5.585687701892931
52,74.436639490908,27.7995026538714,Tal Chhapar,2019-10-01,2018-11-01,2019-10-01,10.91061837831545
53,74.4368609899258,27.7994547543663,Tal Chhapar,2019-10-01,2018-11-01,2019-10-01,4.701013301889219
54,74.4366515507036,27.7993548324379,Tal Chhapar,2019-10-01,2018-11-01,2019-10-01,10.915827240484477
55,74.4368087428852,27.7993423381699,Tal Chhapar,2019-10-01,2018-11-01,2019-10-01,1.9691119388272598
56,74.4365427415188,27.7992656677085,Tal Chhapar,2019-10-01,2018-11-01,2019-10-01,1.564523872504954
57,74.4366063694084,27.7990212178291,Tal Chhapar,2019-10-01,2018-11-01,2019-10-01,0.7686839947798361
58,74.4364953334109,27.7989051220491,Tal Chhapar,2019-10-01,2018-11-01,2019-10-01,2.365344580096583
59,74.4367067013198,27.7988407658637,Tal Chhapar,2019-10-01,2018-11-01,2019-10-01,0.5758389837441432
60,74.4367888503716,27.79903286478,Tal Chhapar,2019-10-01,2018-11-01,2019-10-01,1.9497363646407937
61,74.4370426395079,27.799547599216,Tal Chhapar,2019-10-01,2018-11-01,2019-10-01,11.528977041540694
62,74.4369930804796,27.7994341443513,Tal Chhapar,2019-10-01,2018-11-01,2019-10-01,0.05464922626685165
63,74.4370381586295,27.7992959505349,Tal Chhapar,2019-10-01,2018-11-01,2019-10-01,15.26041522894016
64,74.4369080472577,27.7992319806815,Tal Chhapar,2019-10-01,2018-11-01,2019-10-01,1.1983701865222351
65,74.4371387135062,27.7994342961518,Tal Chhapar,2019-10-01,2018-11-01,2019-10-01,1.7003572435948766
66,74.4372694972803,27.7995670152852,Tal Chhapar,2019-10-01,2018-11-01,2019-10-01,7.6563142907810775
67,74.4371868868526,27.7995651453088,Tal Chhapar,2019-10-01,2018-11-01,2019-10-01,1.8775623046947942
68,74.4374325134492,27.7994817712618,Tal Chhapar,2019-10-01,2018-11-01,2019-10-01,2.5410657200715425
69,74.4373022413789,27.7994071197875,Tal Chhapar,2019-10-01,2018-11-01,2019-10-01,1.0944453025855807
70,74.4372349155932,27.7993031162384,Tal Chhapar,2019-10-01,2018-11-01,2019-10-01,1.6954524256902943
71,74.4374582645201,27.7992702072502,Tal Chhapar,2019-10-01,2018-11-01,2019-10-01,6.806797817054113
72,74.4372883343365,27.7991848312426,Tal Chhapar,2019-10-01,2018-11-01,2019-10-01,2.2340622857580006
73,74.4370865396525,27.7991384601049,Tal Chhapar,2019-10-01,2018-11-01,2019-10-01,0.1277480489977758
74,74.436976099553,27.7990360832568,Tal Chhapar,2019-10-01,2018-11-01,2019-10-01,3.972160280412622
75,74.4371324351651,27.7990002987887,Tal Chhapar,2019-10-01,2018-11-01,2019-10-01,12.024325706809366
76,74.4372527052181,27.7990132831056,Tal Chhapar,2019-10-01,2018-11-01,2019-10-01,2.493094637617449
77,74.4372474929778,27.7988525809536,Tal Chhapar,2019-10-01,2018-11-01,2019-10-01,4.315003516433893
78,74.437020262417,27.7988721945211,Tal Chhapar,2019-10-01,2018-11-01,2019-10-01,1.766942922308495
79,74.4371471450845,27.7987251652493,Tal Chhapar,2019-10-01,2018-11-01,2019-10-01,1.1886934897854822
80,74.4373676232459,27.7989762969395,Tal Chhapar,2019-10-01,2018-11-01,2019-10-01,4.3427870024111686
81,74.4374094053143,27.798820708871,Tal Chhapar,2019-10-01,2018-11-01,2019-10-01,14.107176943628522
82,74.437357461282,27.7986986549037,Tal Chhapar,2019-10-01,2018-11-01,2019-10-01,0.52418926821409
83,74.4368935940425,27.798723780637,Tal Chhapar,2019-10-01,2018-11-01,2019-10-01,5.373942435091404
84,74.4370383442763,27.7986298611151,Tal Chhapar,2019-10-01,2018-11-01,2019-10-01,0.868463420731571
85,74.4369606896088,27.7984171978397,Tal Chhapar,2019-10-01,2018-11-01,2019-10-01,0.9949227142160298
86,74.437202516266,27.7985358140432,Tal Chhapar,2019-10-01,2018-11-01,2019-10-01,9.555235937044555
87,74.4374264302008,27.7985902629375,Tal Chhapar,2019-10-01,2018-11-01,2019-10-01,11.425167939482344
88,74.4371742854996,27.7986216237096,Tal Chhapar,2019-10-01,2018-11-01,2019-10-01,1.3915529999929719
89,74.4373925904523,27.7984917182347,Tal Chhapar,2019-10-01,2018-11-01,2019-10-01,0.37061887093125234
90,74.4372675836709,27.7984207876166,Tal Chhapar,2019-10-01,2018-11-01,2019-10-01,2.080624711005468
91,74.4371370089898,27.798349817119,Tal Chhapar,2019-10-01,2018-11-01,2019-10-01,10.127198622497055
92,74.4369105448884,27.798212656087,Tal Chhapar,2019-10-01,2018-11-01,2019-10-01,0.47677335484474787
93,74.437382530584,27.7997623183671,Tal Chhapar,2019-10-01,2018-11-01,2019-10-01,12.775284333114012
94,74.4374523693789,27.7996162124243,Tal Chhapar,2019-10-01,2018-11-01,2019-10-01,12.486038449349008
95,74.4376085855737,27.7997109554596,Tal Chhapar,2019-10-01,2018-11-01,2019-10-01,1.0964753260880413
96,74.4376567274319,27.7996006955328,Tal Chhapar,2019-10-01,2018-11-01,2019-10-01,13.39710299844881
97,74.4376897893973,27.7993823996951,Tal Chhapar,2019-10-01,2018-11-01,2019-10-01,0.9722728996607402
98,74.4379153162679,27.7994659497373,Tal Chhapar,2019-10-01,2018-11-01,2019-10-01,24.0887969675759
100,74.4374687427672,27.7990901709296,Tal Chhapar,2019-10-01,2018-11-01,2019-10-01,12.120953193533781
101,74.4377640938895,27.7992538031477,Tal Chhapar,2019-10-01,2018-11-01,2019-10-01,7.9798368362751475
102,74.4376865002896,27.7991089285832,Tal Chhapar,2019-10-01,2018-11-01,2019-10-01,21.087720652160268
103,74.4376265580944,27.7989950948072,Tal Chhapar,2019-10-01,2018-11-01,2019-10-01,16.67912020195706
104,74.4376290582158,27.7988546954576,Tal Chhapar,2019-10-01,2018-11-01,2019-10-01,6.176173091333048
105,74.437733774677,27.7986615631927,Tal Chhapar,2019-10-01,2018-11-01,2019-10-01,6.638345361432259
106,74.4373816222342,27.7983360497286,Tal Chhapar,2019-10-01,2018-11-01,2019-10-01,9.954110341909136
107,74.4376580092839,27.7984285208723,Tal Chhapar,2019-10-01,2018-11-01,2019-10-01,3.447014197436252
108,74.4377800166074,27.7989902856929,Tal Chhapar,2019-10-01,2018-11-01,2019-10-01,5.446785065001949
109,74.4379656875122,27.7991669326926,Tal Chhapar,2019-10-01,2018-11-01,2019-10-01,0.7519199992337429
110,74.4379975368622,27.7988759015926,Tal Chhapar,2019-10-01,2018-11-01,2019-10-01,14.5399112295251
111,74.4379419755145,27.7985949239434,Tal Chhapar,2019-10-01,2018-11-01,2019-10-01,6.9785347217773
112,74.4378473637743,27.798429602959,Tal Chhapar,2019-10-01,2018-11-01,2019-10-01,7.257092564308216
113,74.4382456208233,27.7992561737746,Tal Chhapar,2019-10-01,2018-11-01,2019-10-01,17.08024936722929
114,74.4382601762247,27.7989809628571,Tal Chhapar,2019-10-01,2018-11-01,2019-10-01,1.430712238307412
115,74.4383742751926,27.7991311362298,Tal Chhapar,2019-10-01,2018-11-01,2019-10-01,4.831518152332238
116,74.4381729467395,27.7990765435926,Tal Chhapar,2019-10-01,2018-11-01,2019-10-01,4.238043584227976
117,74.4380259708898,27.7990601453442,Tal Chhapar,2019-10-01,2018-11-01,2019-10-01,12.670022136371708
118,74.4379502132213,27.798201367699,Tal Chhapar,2019-10-01,2018-11-01,2019-10-01,0.9060163173965778
119,74.4377107862556,27.7982355665147,Tal Chhapar,2019-10-01,2018-11-01,2019-10-01,4.967406286752956
120,74.4381369692529,27.7983850366637,Tal Chhapar,2019-10-01,2018-11-01,2019-10-01,14.947369499942713
121,74.438328162008,27.798752621104,Tal Chhapar,2019-10-01,2018-11-01,2019-10-01,21.82071288036081
130,74.4371438577374,27.7980704457334,Tal Chhapar,2019-10-01,2018-11-01,2019-10-01,1.05491021314062
131,74.4374234102716,27.7981380818433,Tal Chhapar,2019-10-01,2018-11-01,2019-10-01,7.339561373820043
132,74.4371004373283,27.7978264500878,Tal Chhapar,2019-10-01,2018-11-01,2019-10-01,6.666734647513677
133,74.4368747149136,27.7977776343009,Tal Chhapar,2019-10-01,2018-11-01,2019-10-01,1.4322736138343592
134,74.4373808300086,27.7979695336875,Tal Chhapar,2019-10-01,2018-11-01,2019-10-01,8.632609413254583
135,74.4368791030904,27.7979758477955,Tal Chhapar,2019-10-01,2018-11-01,2019-10-01,20.86620901007015
136,74.4366092683417,27.7977990341245,Tal Chhapar,2019-10-01,2018-11-01,2019-10-01,10.131755084641691
138,74.43724248755,27.797680664709,Tal Chhapar,2019-10-01,2018-11-01,2019-10-01,5.576992334255159
139,74.4369489403758,27.7976130137134,Tal Chhapar,2019-10-01,2018-11-01,2019-10-01,2.8004712666252813
140,74.4376480883951,27.7979897241572,Tal Chhapar,2019-10-01,2018-11-01,2019-10-01,5.182005246323557
15,74.4357905989281,27.7992955376618,Tal Chhapar,2021-02-01,2019-10-01,2021-02-01,18.950650089958486
17,74.4356868668708,27.7990796474537,Tal Chhapar,2021-02-01,2019-10-01,2021-02-01,23.91795042348423
18,74.4357120924816,27.7990002330192,Tal Chhapar,2021-02-01,2019-10-01,2021-02-01,17.371045213619993
19,74.4356025919924,27.7989016399088,Tal Chhapar,2021-02-01,2019-10-01,2021-02-01,21.41135708365773
21,74.4355828953866,27.7985340442998,Tal Chhapar,2021-02-01,2019-10-01,2021-02-01,2.0853997245608116
23,74.4365693277638,27.7999521748137,Tal Chhapar,2021-02-01,2019-10-01,2021-02-01,2.4148438294566548
24,74.4364215816801,27.7998728034039,Tal Chhapar,2021-02-01,2019-10-01,2021-02-01,10.715840196497638
25,74.4363309673277,27.7998147068893,Tal Chhapar,2021-02-01,2019-10-01,2021-02-01,1.8393835727448398
26,74.4368276099018,27.8000131972582,Tal Chhapar,2021-02-01,2019-10-01,2021-02-01,21.87217471159549
27,74.4369895623158,27.800017794122,Tal Chhapar,2021-02-01,2019-10-01,2021-02-01,22.358307634133038
35,74.4372772079409,27.7999488819841,Tal Chhapar,2021-02-01,2019-10-01,2021-02-01,23.124834144632775
39,74.4361019136114,27.799662898763,Tal Chhapar,2021-02-01,2019-10-01,2021-02-01,0.5590888486519205
40,74.4364145897423,27.7996822049189,Tal Chhapar,2021-02-01,2019-10-01,2021-02-01,13.44480040692882
41,74.4362520934834,27.799590966278,Tal Chhapar,2021-02-01,2019-10-01,2021-02-01,12.33881689470823
42,74.4360782473447,27.799482908609,Tal Chhapar,2021-02-01,2019-10-01,2021-02-01,10.202826169363032
43,74.4364656364649,27.7995325863943,Tal Chhapar,2021-02-01,2019-10-01,2021-02-01,5.6341316724447115
44,74.4363090721245,27.7993531118936,Tal Chhapar,2021-02-01,2019-10-01,2021-02-01,2.421704251213415
45,74.435988878452,27.7993115313832,Tal Chhapar,2021-02-01,2019-10-01,2021-02-01,1.9014900866599216
46,74.436217744079,27.7991569298502,Tal Chhapar,2021-02-01,2019-10-01,2021-02-01,1.2600635680761834
47,74.4360425445906,27.7990698503532,Tal Chhapar,2021-02-01,2019-10-01,2021-02-01,2.7474043781380395
48,74.4358824373706,27.7989427661244,Tal Chhapar,2021-02-01,2019-10-01,2021-02-01,0.5991472194188598
49,74.435729003031,27.7987630302849,Tal Chhapar,2021-02-01,2019-10-01,2021-02-01,1.6582536145570261
50,74.4361799945057,27.7990007671937,Tal Chhapar,2021-02-01,2019-10-01,2021-02-01,1.4159365174876306
51,74.4360222559495,27.7988571607714,Tal Chhapar,2021-02-01,2019-10-01,2021-02-01,3.8350405289693392
52,74.4358984944334,27.7986630712589,Tal Chhapar,2021-02-01,2019-10-01,2021-02-01,0.5952679912096818
53,74.4361796022022,27.7986188707362,Tal Chhapar,2021-02-01,2019-10-01,2021-02-01,2.078977470795482
54,74.4360065125565,27.7984773979051,Tal Chhapar,2021-02-01,2019-10-01,2021-02-01,1.508040676317093
55,74.435847011451,27.7982890318775,Tal Chhapar,2021-02-01,2019-10-01,2021-02-01,0.8421068929298058
56,74.4363924509369,27.7985108927489,Tal Chhapar,2021-02-01,2019-10-01,2021-02-01,1.5341894738844268
57,74.43623630129,27.7982924170215,Tal Chhapar,2021-02-01,2019-10-01,2021-02-01,1.425786816771635
58,74.4365925606261,27.7986298772909,Tal Chhapar,2021-02-01,2019-10-01,2021-02-01,3.2440237552558777
59,74.4366488657953,27.7983968614647,Tal Chhapar,2021-02-01,2019-10-01,2021-02-01,3.222947305852418
60,74.4359425348386,27.7981155077673,Tal Chhapar,2021-02-01,2019-10-01,2021-02-01,5.431717455987855
61,74.4364519083913,27.798236771586,Tal Chhapar,2021-02-01,2019-10-01,2021-02-01,11.950720644953105
62,74.4361990341393,27.7981017639423,Tal Chhapar,2021-02-01,2019-10-01,2021-02-01,2.6276123730717225
64,74.4364204875793,27.7979426037467,Tal Chhapar,2021-02-01,2019-10-01,2021-02-01,2.0851189810072452
65,74.4361732570105,27.7978344373639,Tal Chhapar,2021-02-01,2019-10-01,2021-02-01,0.24910391297247245
67,74.4365053912116,27.797610705775,Tal Chhapar,2021-02-01,2019-10-01,2021-02-01,2.2849117238268417
68,74.4366615915925,27.7981009576669,Tal Chhapar,2021-02-01,2019-10-01,2021-02-01,0.8440398413134002
69,74.4368937884616,27.7982178846222,Tal Chhapar,2021-02-01,2019-10-01,2021-02-01,1.7493235585792508
70,74.4367644411567,27.7980093694134,Tal Chhapar,2021-02-01,2019-10-01,2021-02-01,11.889978916763912
71,74.4368776763766,27.7979731780366,Tal Chhapar,2021-02-01,2019-10-01,2021-02-01,0.3274416461236216
72,74.4369559228208,27.7976438084154,Tal Chhapar,2021-02-01,2019-10-01,2021-02-01,3.4799708400158362
73,74.4371452854852,27.7980900444632,Tal Chhapar,2021-02-01,2019-10-01,2021-02-01,2.1756213531515662
74,74.4371012101456,27.7978311611457,Tal Chhapar,2021-02-01,2019-10-01,2021-02-01,0.5273960886322088
76,74.4363200344275,27.7988109715345,Tal Chhapar,2021-02-01,2019-10-01,2021-02-01,0.7298041057335588
77,74.4363767565551,27.7990406080992,Tal Chhapar,2021-02-01,2019-10-01,2021-02-01,2.4947492482579294
78,74.4365106456877,27.7988967366599,Tal Chhapar,2021-02-01,2019-10-01,2021-02-01,1.7714630221252579
79,74.4364523387061,27.7991870654986,Tal Chhapar,2021-02-01,2019-10-01,2021-02-01,1.6198667093754116
80,74.4367049335606,27.7992038491057,Tal Chhapar,2021-02-01,2019-10-01,2021-02-01,2.7681985270205507
81,74.4366171576959,27.7990323459682,Tal Chhapar,2021-02-01,2019-10-01,2021-02-01,1.627584232309972
82,74.4365437673673,27.7993829018635,Tal Chhapar,2021-02-01,2019-10-01,2021-02-01,3.466966616360717
83,74.4366939863192,27.7995178921559,Tal Chhapar,2021-02-01,2019-10-01,2021-02-01,5.627361767674472
84,74.4365929957419,27.7996956502523,Tal Chhapar,2021-02-01,2019-10-01,2021-02-01,1.388564272988959
85,74.4366591267663,27.7993553711611,Tal Chhapar,2021-02-01,2019-10-01,2021-02-01,0.748683408257445
86,74.4367879026652,27.7990297393958,Tal Chhapar,2021-02-01,2019-10-01,2021-02-01,0.35858373812957955
87,74.4367186059147,27.7988327311234,Tal Chhapar,2021-02-01,2019-10-01,2021-02-01,1.4722190924250187
88,74.4367934308579,27.7986270765899,Tal Chhapar,2021-02-01,2019-10-01,2021-02-01,0.514736968303081
89,74.4368715405349,27.7987574552618,Tal Chhapar,2021-02-01,2019-10-01,2021-02-01,4.316829868947584
90,74.4369438027327,27.7985464197469,Tal Chhapar,2021-02-01,2019-10-01,2021-02-01,13.12148573600077
91,74.4369752151893,27.7984157618281,Tal Chhapar,2021-02-01,2019-10-01,2021-02-01,1.4397102519787934
92,74.4370374411054,27.798871472735,Tal Chhapar,2021-02-01,2019-10-01,2021-02-01,1.6941298374464187
93,74.4368940636834,27.7992049248593,Tal Chhapar,2021-02-01,2019-10-01,2021-02-01,3.298533810720612
94,74.4368705235726,27.7994228004266,Tal Chhapar,2021-02-01,2019-10-01,2021-02-01,3.66219736193067
95,74.4367300231854,27.7997019990488,Tal Chhapar,2021-02-01,2019-10-01,2021-02-01,13.725824241712965
96,74.4367812659137,27.7998210405168,Tal Chhapar,2021-02-01,2019-10-01,2021-02-01,4.273218319489324
97,74.4368740473817,27.7996270880249,Tal Chhapar,2021-02-01,2019-10-01,2021-02-01,3.2735289619033505
98,74.437115197627,27.7983360246208,Tal Chhapar,2021-02-01,2019-10-01,2021-02-01,2.6364623977368646
99,74.437180878019,27.7985419644377,Tal Chhapar,2021-02-01,2019-10-01,2021-02-01,2.2377900805725726
100,74.437129402372,27.7987091744065,Tal Chhapar,2021-02-01,2019-10-01,2021-02-01,2.488512115725776
101,74.4373886908537,27.7984835074276,Tal Chhapar,2021-02-01,2019-10-01,2021-02-01,0.9873539379631067
102,74.4370615975398,27.7991277421761,Tal Chhapar,2021-02-01,2019-10-01,2021-02-01,2.728826363431492
103,74.4371297541866,27.7990027196679,Tal Chhapar,2021-02-01,2019-10-01,2021-02-01,0.3763853448901296
104,74.4372875245131,27.7991757252633,Tal Chhapar,2021-02-01,2019-10-01,2021-02-01,1.0118743473505682
105,74.4370519517085,27.7992833568304,Tal Chhapar,2021-02-01,2019-10-01,2021-02-01,1.9474059204557757
106,74.4369793591151,27.7997936406459,Tal Chhapar,2021-02-01,2019-10-01,2021-02-01,3.615580414401211
107,74.4369107722925,27.7997575697439,Tal Chhapar,2021-02-01,2019-10-01,2021-02-01,8.027944075957118
108,74.4370854117483,27.7998491536482,Tal Chhapar,2021-02-01,2019-10-01,2021-02-01,13.267167405000833
109,74.4370797803811,27.7997066750034,Tal Chhapar,2021-02-01,2019-10-01,2021-02-01,17.413817025594547
110,74.437059671621,27.7995357652941,Tal Chhapar,2021-02-01,2019-10-01,2021-02-01,2.129199106958374
111,74.4372010858467,27.7995797715955,Tal Chhapar,2021-02-01,2019-10-01,2021-02-01,2.1404609911952677
112,74.4373962613391,27.7997420099099,Tal Chhapar,2021-02-01,2019-10-01,2021-02-01,2.6249931428257627
113,74.4372680145626,27.7997063089841,Tal Chhapar,2021-02-01,2019-10-01,2021-02-01,12.874376339898554
114,74.4372079730966,27.7997852624324,Tal Chhapar,2021-02-01,2019-10-01,2021-02-01,17.382032454004918
115,74.4369946256385,27.7994245816808,Tal Chhapar,2021-02-01,2019-10-01,2021-02-01,1.0701948385899824
116,74.437340356324,27.7994140206091,Tal Chhapar,2021-02-01,2019-10-01,2021-02-01,3.831647639377036
117,74.4373018634693,27.7995725659312,Tal Chhapar,2021-02-01,2019-10-01,2021-02-01,3.2470646898748434
118,74.437692100901,27.7996258892043,Tal Chhapar,2021-02-01,2019-10-01,2021-02-01,4.464414066013914
119,74.4374545983889,27.7996085587415,Tal Chhapar,2021-02-01,2019-10-01,2021-02-01,0.875816331523087
120,74.4375296022788,27.7998141932176,Tal Chhapar,2021-02-01,2019-10-01,2021-02-01,13.831979436301072
121,74.437782591912,27.7998025933315,Tal Chhapar,2021-02-01,2019-10-01,2021-02-01,19.92133348281844
122,74.4378888683446,27.7996113771756,Tal Chhapar,2021-02-01,2019-10-01,2021-02-01,16.319192471847526
123,74.4378999907625,27.7994134521608,Tal Chhapar,2021-02-01,2019-10-01,2021-02-01,6.008235928815706
124,74.4376948044259,27.7993773740378,Tal Chhapar,2021-02-01,2019-10-01,2021-02-01,0.7443084696904746
125,74.437469028209,27.7992762628692,Tal Chhapar,2021-02-01,2019-10-01,2021-02-01,1.2546909051984019
126,74.4374232201654,27.7983432629751,Tal Chhapar,2021-02-01,2019-10-01,2021-02-01,4.1749380724881044
127,74.4374248165012,27.7981219939545,Tal Chhapar,2021-02-01,2019-10-01,2021-02-01,1.7875288971955674
128,74.437663022599,27.7984185347771,Tal Chhapar,2021-02-01,2019-10-01,2021-02-01,1.2114521018803817
129,74.4373131746287,27.7978760517841,Tal Chhapar,2021-02-01,2019-10-01,2021-02-01,12.314844459171404
130,74.4372347055213,27.7976899846809,Tal Chhapar,2021-02-01,2019-10-01,2021-02-01,1.2859199849346559
131,74.4374685409919,27.7978939619628,Tal Chhapar,2021-02-01,2019-10-01,2021-02-01,12.030706776977556
132,74.4376394576186,27.7980025438933,Tal Chhapar,2021-02-01,2019-10-01,2021-02-01,1.6551726270496894
134,74.4377090342943,27.7981684157916,Tal Chhapar,2021-02-01,2019-10-01,2021-02-01,7.440695252849466
135,74.438077589741,27.797976059312,Tal Chhapar,2021-02-01,2019-10-01,2021-02-01,0.9879798702622474
136,74.4379307040875,27.7981945053475,Tal Chhapar,2021-02-01,2019-10-01,2021-02-01,2.066707155767779
137,74.4372243430311,27.7988612245364,Tal Chhapar,2021-02-01,2019-10-01,2021-02-01,2.473319520433719
138,74.4379639659379,27.7984249468149,Tal Chhapar,2021-02-01,2019-10-01,2021-02-01,11.497891408744625
139,74.4373792013314,27.7989569396438,Tal Chhapar,2021-02-01,2019-10-01,2021-02-01,2.4287760999405497
140,74.4375599361267,27.7991353546228,Tal Chhapar,2021-02-01,2019-10-01,2021-02-01,10.283578332020463
141,74.4376178709905,27.7990031401574,Tal Chhapar,2021-02-01,2019-10-01,2021-02-01,1.2355579204289677
142,74.4377980553764,27.7989813865568,Tal Chhapar,2021-02-01,2019-10-01,2021-02-01,2.0320995505724997
143,74.4377706067178,27.7992504895308,Tal Chhapar,2021-02-01,2019-10-01,2021-02-01,0.7391518313689419
144,74.4374006384464,27.7988215926906,Tal Chhapar,2021-02-01,2019-10-01,2021-02-01,0.8691408938847927
145,74.4379692785866,27.7991570057503,Tal Chhapar,2021-02-01,2019-10-01,2021-02-01,1.1551657446743588
146,74.437349655442,27.7986873924071,Tal Chhapar,2021-02-01,2019-10-01,2021-02-01,1.465542085172607
147,74.437632616329,27.7988527363926,Tal Chhapar,2021-02-01,2019-10-01,2021-02-01,0.41224902856488516
148,74.4375231978491,27.7987023327993,Tal Chhapar,2021-02-01,2019-10-01,2021-02-01,15.652187412395977
149,74.4377392349915,27.7986805686122,Tal Chhapar,2021-02-01,2019-10-01,2021-02-01,2.1729711292189338
150,74.4375583366328,27.7985527886074,Tal Chhapar,2021-02-01,2019-10-01,2021-02-01,13.640910956122378
151,74.4377519767368,27.7988477005762,Tal Chhapar,2021-02-01,2019-10-01,2021-02-01,12.133253371811296
152,74.4381049146424,27.7996318560757,Tal Chhapar,2021-02-01,2019-10-01,2021-02-01,4.394179536895667
153,74.4382601480106,27.7992499810263,Tal Chhapar,2021-02-01,2019-10-01,2021-02-01,1.58697478314734
154,74.4381716589403,27.7989868124667,Tal Chhapar,2021-02-01,2019-10-01,2021-02-01,8.743714062150831
155,74.4380128738634,27.7988812712855,Tal Chhapar,2021-02-01,2019-10-01,2021-02-01,1.6237010333100066
156,74.4379649094731,27.7986034058131,Tal Chhapar,2021-02-01,2019-10-01,2021-02-01,2.4467855913994603
158,74.4385707376613,27.7992738141315,Tal Chhapar,2021-02-01,2019-10-01,2021-02-01,4.6638390160111545
159,74.4386333383275,27.7991199286983,Tal Chhapar,2021-02-01,2019-10-01,2021-02-01,2.1485733363063235
160,74.4384530026386,27.7989244271197,Tal Chhapar,2021-02-01,2019-10-01,2021-02-01,20.00078969141864
161,74.4383527713426,27.7988658991271,Tal Chhapar,2021-02-01,2019-10-01,2021-02-01,12.780515449799656
162,74.438131608668,27.7987385253652,Tal Chhapar,2021-02-01,2019-10-01,2021-02-01,19.424999013516235
0,74.4361174584667,27.7996401541828,Tal Chhapar,2022-03-01,2021-02-01,2022-03-01,2.948389184620673
1,74.4358040815912,27.7995479164307,Tal Chhapar,2022-03-01,2021-02-01,2022-03-01,2.8343752839613052
2,74.4357897691079,27.7993011277485,Tal Chhapar,2022-03-01,2021-02-01,2022-03-01,0.6246201088004176
3,74.4360601949988,27.7994991629602,Tal Chhapar,2022-03-01,2021-02-01,2022-03-01,2.530705447363673
4,74.4360505291115,27.799287280387,Tal Chhapar,2022-03-01,2021-02-01,2022-03-01,6.640717966942846
5,74.4361897763224,27.7994398352964,Tal Chhapar,2022-03-01,2021-02-01,2022-03-01,11.977876326067781
6,74.436264449079,27.7995998655355,Tal Chhapar,2022-03-01,2021-02-01,2022-03-01,1.5662796083573405
7,74.4363317883055,27.7993527744931,Tal Chhapar,2022-03-01,2021-02-01,2022-03-01,2.2380329491683137
8,74.4360467478654,27.7990525083278,Tal Chhapar,2022-03-01,2021-02-01,2022-03-01,1.965197041344141
9,74.4362342158841,27.7991649391858,Tal Chhapar,2022-03-01,2021-02-01,2022-03-01,1.8493361125620866
10,74.4363653477184,27.799038074134,Tal Chhapar,2022-03-01,2021-02-01,2022-03-01,1.158387264977629
11,74.4364312966929,27.799162682516,Tal Chhapar,2022-03-01,2021-02-01,2022-03-01,3.404732677890239
12,74.4360320289141,27.7988463568581,Tal Chhapar,2022-03-01,2021-02-01,2022-03-01,1.5359663157750196
13,74.4358733346037,27.7986614812249,Tal Chhapar,2022-03-01,2021-02-01,2022-03-01,2.484706048167193
14,74.4364572893179,27.7995526762501,Tal Chhapar,2022-03-01,2021-02-01,2022-03-01,2.37252010872741
15,74.4363753677903,27.7996821341176,Tal Chhapar,2022-03-01,2021-02-01,2022-03-01,3.8636641670640057
16,74.4364094542142,27.7998866775222,Tal Chhapar,2022-03-01,2021-02-01,2022-03-01,1.9466126234376158
17,74.4365950528547,27.799723835448,Tal Chhapar,2022-03-01,2021-02-01,2022-03-01,3.128815500197229
18,74.4366337700713,27.7999564615758,Tal Chhapar,2022-03-01,2021-02-01,2022-03-01,6.365771047823908
19,74.4367633964315,27.7998189706497,Tal Chhapar,2022-03-01,2021-02-01,2022-03-01,1.7751464561565165
20,74.4366823354769,27.7995419466852,Tal Chhapar,2022-03-01,2021-02-01,2022-03-01,2.901320268024113
21,74.4365227111487,27.7994109909075,Tal Chhapar,2022-03-01,2021-02-01,2022-03-01,3.739563122518812
22,74.4366664585323,27.7993665208396,Tal Chhapar,2022-03-01,2021-02-01,2022-03-01,1.4307834529874945
23,74.4366877430558,27.7991868305597,Tal Chhapar,2022-03-01,2021-02-01,2022-03-01,2.5341207531043874
24,74.4363277151861,27.7988336658767,Tal Chhapar,2022-03-01,2021-02-01,2022-03-01,2.6253801751717547
25,74.4364507725909,27.7986635390273,Tal Chhapar,2022-03-01,2021-02-01,2022-03-01,14.456511866759863
26,74.4361743269097,27.7986178355963,Tal Chhapar,2022-03-01,2021-02-01,2022-03-01,0.5321620063987251
27,74.4359922634954,27.798482335002,Tal Chhapar,2022-03-01,2021-02-01,2022-03-01,1.5064395142519091
28,74.4363753920862,27.7985010959403,Tal Chhapar,2022-03-01,2021-02-01,2022-03-01,2.000415008198615
29,74.4362297888448,27.7982950612442,Tal Chhapar,2022-03-01,2021-02-01,2022-03-01,0.7052407691952847
30,74.4358371208145,27.7982919836145,Tal Chhapar,2022-03-01,2021-02-01,2022-03-01,1.0277186075024127
31,74.4359114537717,27.7981304279372,Tal Chhapar,2022-03-01,2021-02-01,2022-03-01,3.4793861479465495
33,74.4361971256555,27.7981057207154,Tal Chhapar,2022-03-01,2021-02-01,2022-03-01,0.47693376108771757
36,74.4364204965039,27.7979776523542,Tal Chhapar,2022-03-01,2021-02-01,2022-03-01,3.8825477842115963
38,74.4364487285041,27.7982420062755,Tal Chhapar,2022-03-01,2021-02-01,2022-03-01,0.6590770913018801
39,74.4366829829504,27.7980946368246,Tal Chhapar,2022-03-01,2021-02-01,2022-03-01,2.2205260646054836
40,74.4366676603686,27.7983893395241,Tal Chhapar,2022-03-01,2021-02-01,2022-03-01,2.030293961205588
41,74.4366315011505,27.7986519719865,Tal Chhapar,2022-03-01,2021-02-01,2022-03-01,4.5503006087401525
42,74.4368162934263,27.7986388161837,Tal Chhapar,2022-03-01,2021-02-01,2022-03-01,2.600657343986643
43,74.4369531848662,27.7985630209259,Tal Chhapar,2022-03-01,2021-02-01,2022-03-01,2.0581919104666158
44,74.4369564093341,27.7984210045766,Tal Chhapar,2022-03-01,2021-02-01,2022-03-01,1.9414416716971747
45,74.43689722039,27.7982087303175,Tal Chhapar,2022-03-01,2021-02-01,2022-03-01,1.0689476708048533
46,74.4365203626829,27.7988772493498,Tal Chhapar,2022-03-01,2021-02-01,2022-03-01,2.361428986618736
47,74.4366307639859,27.7990269748784,Tal Chhapar,2022-03-01,2021-02-01,2022-03-01,1.4664563980833176
48,74.4367098643509,27.7988403595666,Tal Chhapar,2022-03-01,2021-02-01,2022-03-01,1.2064945850914572
49,74.4367744908414,27.7990233554638,Tal Chhapar,2022-03-01,2021-02-01,2022-03-01,1.4985365302469893
50,74.4368615412951,27.7988902618741,Tal Chhapar,2022-03-01,2021-02-01,2022-03-01,14.744736159860814
51,74.4368651443032,27.798754598425,Tal Chhapar,2022-03-01,2021-02-01,2022-03-01,0.705093023243612
52,74.4371422888836,27.7980568778771,Tal Chhapar,2022-03-01,2021-02-01,2022-03-01,3.6859039134903733
53,74.4374330485655,27.7981277519285,Tal Chhapar,2022-03-01,2021-02-01,2022-03-01,1.0317252936009778
54,74.437131967113,27.7983351753275,Tal Chhapar,2022-03-01,2021-02-01,2022-03-01,1.654617140740592
55,74.4373683531309,27.7982887394796,Tal Chhapar,2022-03-01,2021-02-01,2022-03-01,8.105129217620897
56,74.4371981397699,27.7985439705859,Tal Chhapar,2022-03-01,2021-02-01,2022-03-01,1.7148899899934604
57,74.437150582324,27.7986181068701,Tal Chhapar,2022-03-01,2021-02-01,2022-03-01,8.947163280803963
58,74.4370196316595,27.7988832372381,Tal Chhapar,2022-03-01,2021-02-01,2022-03-01,2.185459846238672
59,74.4371903283266,27.798797538161,Tal Chhapar,2022-03-01,2021-02-01,2022-03-01,7.810210702379594
60,74.4373579483917,27.7986907470403,Tal Chhapar,2022-03-01,2021-02-01,2022-03-01,0.897475797682977
61,74.4373894744565,27.798492559678,Tal Chhapar,2022-03-01,2021-02-01,2022-03-01,1.005739490538676
62,74.4376241046256,27.7982815136338,Tal Chhapar,2022-03-01,2021-02-01,2022-03-01,15.065174571208647
63,74.4375263865312,27.7987028256658,Tal Chhapar,2022-03-01,2021-02-01,2022-03-01,0.3188215445335228
64,74.4376655658289,27.7986204319824,Tal Chhapar,2022-03-01,2021-02-01,2022-03-01,9.851028423078482
65,74.4376349072033,27.7984318547079,Tal Chhapar,2022-03-01,2021-02-01,2022-03-01,3.13813950880845
66,74.4379306674807,27.798199268763,Tal Chhapar,2022-03-01,2021-02-01,2022-03-01,0.5276847741606244
67,74.4379537377921,27.7986069479814,Tal Chhapar,2022-03-01,2021-02-01,2022-03-01,1.1683659662122738
68,74.4378571655611,27.7984252866842,Tal Chhapar,2022-03-01,2021-02-01,2022-03-01,10.520823777523358
69,74.4367918795708,27.7993277777778,Tal Chhapar,2022-03-01,2021-02-01,2022-03-01,13.069751794389337
70,74.4369075427656,27.7994751521148,Tal Chhapar,2022-03-01,2021-02-01,2022-03-01,6.85057006436753
71,74.4369250541616,27.7992150107145,Tal Chhapar,2022-03-01,2021-02-01,2022-03-01,3.250835083097326
72,74.4369911447174,27.7990364587025,Tal Chhapar,2022-03-01,2021-02-01,2022-03-01,12.264543628505665
73,74.4371069253471,27.7991208046303,Tal Chhapar,2022-03-01,2021-02-01,2022-03-01,4.530804402223606
74,74.4370470316061,27.799316987151,Tal Chhapar,2022-03-01,2021-02-01,2022-03-01,3.7568305317711093
75,74.4371205122889,27.7989873774743,Tal Chhapar,2022-03-01,2021-02-01,2022-03-01,1.9280290245775227
76,74.4372700837483,27.7991930923666,Tal Chhapar,2022-03-01,2021-02-01,2022-03-01,2.579330401032129
77,74.4373532284351,27.7989556738485,Tal Chhapar,2022-03-01,2021-02-01,2022-03-01,2.562381060485574
78,74.4361874818444,27.7990068708297,Tal Chhapar,2022-03-01,2021-02-01,2022-03-01,1.0005805036700175
79,74.4374075204357,27.7988265171871,Tal Chhapar,2022-03-01,2021-02-01,2022-03-01,0.8701614940535478
80,74.4372518905725,27.7990402018185,Tal Chhapar,2022-03-01,2021-02-01,2022-03-01,12.72773503303428
81,74.4373825892349,27.7991009294753,Tal Chhapar,2022-03-01,2021-02-01,2022-03-01,12.503890365402286
82,74.4375740588376,27.7988732685438,Tal Chhapar,2022-03-01,2021-02-01,2022-03-01,6.200612062484696
83,74.4375436992549,27.7991110341031,Tal Chhapar,2022-03-01,2021-02-01,2022-03-01,3.1331493555217698
84,74.436801543935,27.8000618153983,Tal Chhapar,2022-03-01,2021-02-01,2022-03-01,5.966496329823328
85,74.4370256461589,27.8000436728881,Tal Chhapar,2022-03-01,2021-02-01,2022-03-01,4.566491440579923
86,74.4370598647338,27.7999007342995,Tal Chhapar,2022-03-01,2021-02-01,2022-03-01,6.24354155069533
87,74.4370213164305,27.7997031431273,Tal Chhapar,2022-03-01,2021-02-01,2022-03-01,5.772409987993475
88,74.437184082749,27.7995987800777,Tal Chhapar,2022-03-01,2021-02-01,2022-03-01,2.690597528952562
89,74.436900307563,27.7996633330765,Tal Chhapar,2022-03-01,2021-02-01,2022-03-01,4.776251611411904
90,74.4370501086279,27.7995117189066,Tal Chhapar,2022-03-01,2021-02-01,2022-03-01,2.8254311326168926
91,74.4368960151834,27.7999246981664,Tal Chhapar,2022-03-01,2021-02-01,2022-03-01,11.896071774835098
92,74.4377548594664,27.7988524171284,Tal Chhapar,2022-03-01,2021-02-01,2022-03-01,0.5946654606607994
93,74.4376224804619,27.7987532876015,Tal Chhapar,2022-03-01,2021-02-01,2022-03-01,11.061702395182499
94,74.4377881720964,27.7989890298252,Tal Chhapar,2022-03-01,2021-02-01,2022-03-01,1.290252086056139
95,74.4380181471714,27.7988770027686,Tal Chhapar,2022-03-01,2021-02-01,2022-03-01,0.7024454622118449
96,74.4379878951698,27.798767816223,Tal Chhapar,2022-03-01,2021-02-01,2022-03-01,12.806713211834149
97,74.4379724860091,27.7991797809783,Tal Chhapar,2022-03-01,2021-02-01,2022-03-01,2.5426577303986093
98,74.4381713793855,27.7989851844276,Tal Chhapar,2022-03-01,2021-02-01,2022-03-01,0.1824381792356986
100,74.4380278344427,27.7994269725449,Tal Chhapar,2022-03-01,2021-02-01,2022-03-01,12.682337033703003
101,74.4377025314355,27.7993843814309,Tal Chhapar,2022-03-01,2021-02-01,2022-03-01,1.0871737887918946
102,74.4374637915941,27.7992701590986,Tal Chhapar,2022-03-01,2021-02-01,2022-03-01,0.8504587997800569
103,74.4372136982556,27.7993107264048,Tal Chhapar,2022-03-01,2021-02-01,2022-03-01,16.219201168282623
104,74.4371557664496,27.7994139825796,Tal Chhapar,2022-03-01,2021-02-01,2022-03-01,15.916978482018816
105,74.4373474541417,27.7994232422819,Tal Chhapar,2022-03-01,2021-02-01,2022-03-01,1.23790642269791
106,74.4374344409867,27.7996065182043,Tal Chhapar,2022-03-01,2021-02-01,2022-03-01,1.9984809426444043
107,74.4372568859679,27.7999656872103,Tal Chhapar,2022-03-01,2021-02-01,2022-03-01,2.733691433790122
108,74.4373948244227,27.7997336306736,Tal Chhapar,2022-03-01,2021-02-01,2022-03-01,0.9389495845296452
109,74.4374347389858,27.799980845346,Tal Chhapar,2022-03-01,2021-02-01,2022-03-01,2.894138243747419
110,74.4372540052792,27.8000987099725,Tal Chhapar,2022-03-01,2021-02-01,2022-03-01,1.312201660212713
111,74.4375835121424,27.8001573665404,Tal Chhapar,2022-03-01,2021-02-01,2022-03-01,2.71906557260941
112,74.4372698575434,27.8003156917552,Tal Chhapar,2022-03-01,2021-02-01,2022-03-01,1.9540261527166018
113,74.4376626522809,27.7999542388091,Tal Chhapar,2022-03-01,2021-02-01,2022-03-01,1.2913247368113059
114,74.4373696141169,27.8002121385086,Tal Chhapar,2022-03-01,2021-02-01,2022-03-01,7.075962884142778
116,74.4376429035383,27.7996045195992,Tal Chhapar,2022-03-01,2021-02-01,2022-03-01,5.393566814454733
117,74.4375486026394,27.7997795839722,Tal Chhapar,2022-03-01,2021-02-01,2022-03-01,4.26635499650504
118,74.4377744904865,27.7998018704966,Tal Chhapar,2022-03-01,2021-02-01,2022-03-01,0.8020571148358752
119,74.4379047945969,27.7996303240183,Tal Chhapar,2022-03-01,2021-02-01,2022-03-01,2.620402658836236
120,74.437862394439,27.8000759192712,Tal Chhapar,2022-03-01,2021-02-01,2022-03-01,15.450324543508486
121,74.4379605802485,27.7999549833254,Tal Chhapar,2022-03-01,2021-02-01,2022-03-01,20.053413912622723
123,74.4357324866683,27.7997860672468,Tal Chhapar,2022-03-01,2021-02-01,2022-03-01,1.1095741522123257
124,74.4358716132322,27.7999243142708,Tal Chhapar,2022-03-01,2021-02-01,2022-03-01,12.448192319513813
125,74.4359815510822,27.8001058661082,Tal Chhapar,2022-03-01,2021-02-01,2022-03-01,7.75025926159018
126,74.4360138991569,27.7999028270904,Tal Chhapar,2022-03-01,2021-02-01,2022-03-01,2.2284805534467202
127,74.4362096078063,27.7999040556679,Tal Chhapar,2022-03-01,2021-02-01,2022-03-01,15.520373893474787
128,74.4363825342833,27.8001063555045,Tal Chhapar,2022-03-01,2021-02-01,2022-03-01,9.556974127833078
129,74.4364103743657,27.8002847295624,Tal Chhapar,2022-03-01,2021-02-01,2022-03-01,8.397013179102967
131,74.4366039063418,27.8003279302543,Tal Chhapar,2022-03-01,2021-02-01,2022-03-01,0.9661773074183977
132,74.4366726008876,27.8001416259777,Tal Chhapar,2022-03-01,2021-02-01,2022-03-01,2.840646374203003
133,74.436918626675,27.8004004874069,Tal Chhapar,2022-03-01,2021-02-01,2022-03-01,0.2792052539528688
134,74.4366022590132,27.8005152966508,Tal Chhapar,2022-03-01,2021-02-01,2022-03-01,20.83341822604725
0,74.4371907281943,27.799816667074,Tal Chhapar,2023-12-01,2022-03-01,2023-12-01,15.902936585436073
1,74.4370548896532,27.7997577077784,Tal Chhapar,2023-12-01,2022-03-01,2023-12-01,6.890075936494866
2,74.436916432651,27.7996494160296,Tal Chhapar,2023-12-01,2022-03-01,2023-12-01,2.213575097957987
3,74.4367615136088,27.7995677508023,Tal Chhapar,2023-12-01,2022-03-01,2023-12-01,8.306949923276814
4,74.4365419995144,27.7993843128495,Tal Chhapar,2023-12-01,2022-03-01,2023-12-01,3.513395960026912
5,74.436736039022,27.7996928788437,Tal Chhapar,2023-12-01,2022-03-01,2023-12-01,14.225555897748128
6,74.4368559643503,27.7998165478482,Tal Chhapar,2023-12-01,2022-03-01,2023-12-01,9.122570780874828
7,74.4367140043558,27.7998300239914,Tal Chhapar,2023-12-01,2022-03-01,2023-12-01,5.017189836861137
8,74.4366112244125,27.7997375257168,Tal Chhapar,2023-12-01,2022-03-01,2023-12-01,2.1994653001289066
9,74.4364791063409,27.799557106694,Tal Chhapar,2023-12-01,2022-03-01,2023-12-01,2.204469727508423
10,74.4361953556394,27.7994380259545,Tal Chhapar,2023-12-01,2022-03-01,2023-12-01,0.5850123454140308
11,74.4363493784147,27.7995186834761,Tal Chhapar,2023-12-01,2022-03-01,2023-12-01,11.277302255897427
12,74.4366368823354,27.7996118372529,Tal Chhapar,2023-12-01,2022-03-01,2023-12-01,8.943688491078952
13,74.4363552765228,27.79970031365,Tal Chhapar,2023-12-01,2022-03-01,2023-12-01,2.8235828876197235
14,74.4361258987169,27.7996626611171,Tal Chhapar,2023-12-01,2022-03-01,2023-12-01,2.628207184094586
15,74.4360671657486,27.7995113508288,Tal Chhapar,2023-12-01,2022-03-01,2023-12-01,1.5147130787253111
16,74.436460314605,27.799800249108,Tal Chhapar,2023-12-01,2022-03-01,2023-12-01,10.80586476629173
17,74.4363084086327,27.7997871802043,Tal Chhapar,2023-12-01,2022-03-01,2023-12-01,13.375997314436255
18,74.4365849400186,27.7998285512817,Tal Chhapar,2023-12-01,2022-03-01,2023-12-01,11.642710281191208
19,74.4364285616926,27.7998913771095,Tal Chhapar,2023-12-01,2022-03-01,2023-12-01,1.9528958311116422
20,74.4366490460174,27.7999575028068,Tal Chhapar,2023-12-01,2022-03-01,2023-12-01,1.5092054488281934
21,74.4368002504773,27.7999393687887,Tal Chhapar,2023-12-01,2022-03-01,2023-12-01,9.572481881975051
22,74.436907540836,27.7999422349241,Tal Chhapar,2023-12-01,2022-03-01,2023-12-01,2.2500994307158226
23,74.4369786847585,27.7998552126509,Tal Chhapar,2023-12-01,2022-03-01,2023-12-01,9.453998171352668
24,74.4368318854354,27.8000304712505,Tal Chhapar,2023-12-01,2022-03-01,2023-12-01,4.58140907691546
25,74.436941906775,27.8001169673143,Tal Chhapar,2023-12-01,2022-03-01,2023-12-01,11.574426853003189
26,74.4370988234613,27.7998995404534,Tal Chhapar,2023-12-01,2022-03-01,2023-12-01,3.8399966265380066
27,74.437011287454,27.8000470686924,Tal Chhapar,2023-12-01,2022-03-01,2023-12-01,1.4636030418407178
28,74.4370585255586,27.8001508857209,Tal Chhapar,2023-12-01,2022-03-01,2023-12-01,12.31033333584751
29,74.4371805036404,27.8002542107591,Tal Chhapar,2023-12-01,2022-03-01,2023-12-01,11.129216877302811
30,74.4371354894525,27.8000291639831,Tal Chhapar,2023-12-01,2022-03-01,2023-12-01,10.939068863031196
31,74.4372671005222,27.80011972159,Tal Chhapar,2023-12-01,2022-03-01,2023-12-01,2.6611439531492107
32,74.4372842789594,27.8003250725313,Tal Chhapar,2023-12-01,2022-03-01,2023-12-01,1.760112496001762
33,74.4374041587074,27.8002001542305,Tal Chhapar,2023-12-01,2022-03-01,2023-12-01,3.6526795661156544
36,74.4375437747435,27.8002620543562,Tal Chhapar,2023-12-01,2022-03-01,2023-12-01,12.239726973270326
39,74.4362631029668,27.7996005843777,Tal Chhapar,2023-12-01,2022-03-01,2023-12-01,0.15467507392167862
40,74.4359776053759,27.7994378770548,Tal Chhapar,2023-12-01,2022-03-01,2023-12-01,10.596251690024532
41,74.4358210983343,27.7995725653244,Tal Chhapar,2023-12-01,2022-03-01,2023-12-01,3.2039958304728415
42,74.4356361258029,27.7994624243963,Tal Chhapar,2023-12-01,2022-03-01,2023-12-01,19.063701128043913
44,74.4358448551361,27.7994297849856,Tal Chhapar,2023-12-01,2022-03-01,2023-12-01,13.688662499083346
45,74.4357920815481,27.7993089591458,Tal Chhapar,2023-12-01,2022-03-01,2023-12-01,0.8969399751682181
47,74.4372934215774,27.7999809704505,Tal Chhapar,2023-12-01,2022-03-01,2023-12-01,3.977343835536014
48,74.4375902453864,27.800148012648,Tal Chhapar,2023-12-01,2022-03-01,2023-12-01,1.2302905825596713
49,74.4374492611138,27.7999792000966,Tal Chhapar,2023-12-01,2022-03-01,2023-12-01,1.442097472616153
50,74.4373698448557,27.7998858217068,Tal Chhapar,2023-12-01,2022-03-01,2023-12-01,12.315381400431047
51,74.4375069157825,27.7998959159391,Tal Chhapar,2023-12-01,2022-03-01,2023-12-01,11.792560371204177
52,74.437750363755,27.8001100341579,Tal Chhapar,2023-12-01,2022-03-01,2023-12-01,11.664947095258476
53,74.4376789348998,27.7999677694509,Tal Chhapar,2023-12-01,2022-03-01,2023-12-01,2.195288179545761
54,74.4378596475961,27.8000927666627,Tal Chhapar,2023-12-01,2022-03-01,2023-12-01,1.8858016067103185
55,74.4378207814853,27.7999310451504,Tal Chhapar,2023-12-01,2022-03-01,2023-12-01,14.024179260881073
56,74.4379628332285,27.7999557695281,Tal Chhapar,2023-12-01,2022-03-01,2023-12-01,0.23841174236101292
57,74.4380215505169,27.7998033261629,Tal Chhapar,2023-12-01,2022-03-01,2023-12-01,17.84129605700531
58,74.4377722782744,27.7997840642058,Tal Chhapar,2023-12-01,2022-03-01,2023-12-01,1.984512561770304
59,74.435969899182,27.7993306042284,Tal Chhapar,2023-12-01,2022-03-01,2023-12-01,9.280028799648436
60,74.4359165148513,27.7991702884952,Tal Chhapar,2023-12-01,2022-03-01,2023-12-01,18.297904839720793
61,74.4356863551686,27.7991677724383,Tal Chhapar,2023-12-01,2022-03-01,2023-12-01,17.944527037881834
62,74.4357165678812,27.799066034538,Tal Chhapar,2023-12-01,2022-03-01,2023-12-01,27.022584023909182
63,74.4360529838516,27.7992727757886,Tal Chhapar,2023-12-01,2022-03-01,2023-12-01,1.6248569914416884
64,74.4361976361597,27.7993075196572,Tal Chhapar,2023-12-01,2022-03-01,2023-12-01,14.133961208508708
65,74.4363205333578,27.7993404395342,Tal Chhapar,2023-12-01,2022-03-01,2023-12-01,1.7596352704347407
72,74.4357665487637,27.79878016435,Tal Chhapar,2023-12-01,2022-03-01,2023-12-01,16.837635335044123
73,74.4358683585417,27.7986608614124,Tal Chhapar,2023-12-01,2022-03-01,2023-12-01,0.4949693126368652
74,74.4359948453834,27.7984732378477,Tal Chhapar,2023-12-01,2022-03-01,2023-12-01,1.0393471677769208
75,74.435890481218,27.7989428185083,Tal Chhapar,2023-12-01,2022-03-01,2023-12-01,17.56722250693471
76,74.4360564068363,27.7988430308101,Tal Chhapar,2023-12-01,2022-03-01,2023-12-01,2.4295272032916633
77,74.4361727050971,27.7986005201319,Tal Chhapar,2023-12-01,2022-03-01,2023-12-01,1.9247814969375623
78,74.4362502096955,27.7983003005023,Tal Chhapar,2023-12-01,2022-03-01,2023-12-01,2.093683604944378
82,74.436200728384,27.7981049840595,Tal Chhapar,2023-12-01,2022-03-01,2023-12-01,0.36416181885458554
83,74.4364583573762,27.7980104873577,Tal Chhapar,2023-12-01,2022-03-01,2023-12-01,5.209643719981234
88,74.4365051501012,27.798320632512,Tal Chhapar,2023-12-01,2022-03-01,2023-12-01,10.332186969645301
89,74.4366688456205,27.7980795516844,Tal Chhapar,2023-12-01,2022-03-01,2023-12-01,2.175308565360854
91,74.4379182718955,27.7996401624668,Tal Chhapar,2023-12-01,2022-03-01,2023-12-01,1.7176634244430695
92,74.4381349332136,27.7995077995076,Tal Chhapar,2023-12-01,2022-03-01,2023-12-01,13.837348136558177
95,74.4380046891916,27.7995894889547,Tal Chhapar,2023-12-01,2022-03-01,2023-12-01,10.830299544269545
96,74.4380366390265,27.7994203255644,Tal Chhapar,2023-12-01,2022-03-01,2023-12-01,1.1377256151678443
97,74.4378954596737,27.7994185568142,Tal Chhapar,2023-12-01,2022-03-01,2023-12-01,13.0732175328856
98,74.4380694345368,27.799355358972,Tal Chhapar,2023-12-01,2022-03-01,2023-12-01,8.928978752582832
107,74.4375491940708,27.7997858423292,Tal Chhapar,2023-12-01,2022-03-01,2023-12-01,0.695720077017361
108,74.4376576708065,27.7995979734668,Tal Chhapar,2023-12-01,2022-03-01,2023-12-01,1.6254123333457753
109,74.436888578142,27.7982043094439,Tal Chhapar,2023-12-01,2022-03-01,2023-12-01,0.9821447881099227
110,74.4371429187376,27.7980577652154,Tal Chhapar,2023-12-01,2022-03-01,2023-12-01,0.11624032654820024
111,74.4371258857629,27.7983308040249,Tal Chhapar,2023-12-01,2022-03-01,2023-12-01,0.7703014036551993
112,74.437412307335,27.798132321176,Tal Chhapar,2023-12-01,2022-03-01,2023-12-01,2.1049581220268054
113,74.437280793141,27.7984156142446,Tal Chhapar,2023-12-01,2022-03-01,2023-12-01,13.684774547830736
114,74.4373386984303,27.7982680071684,Tal Chhapar,2023-12-01,2022-03-01,2023-12-01,3.7159468370975985
115,74.4374684725393,27.7983183945222,Tal Chhapar,2023-12-01,2022-03-01,2023-12-01,10.39534764962728
117,74.4375904639053,27.7981276602508,Tal Chhapar,2023-12-01,2022-03-01,2023-12-01,15.506812314999717
118,74.4374351454154,27.7984815261734,Tal Chhapar,2023-12-01,2022-03-01,2023-12-01,4.662050531325814
120,74.4376748339511,27.7983934358893,Tal Chhapar,2023-12-01,2022-03-01,2023-12-01,5.795003817052462
121,74.4375765062477,27.7985647170389,Tal Chhapar,2023-12-01,2022-03-01,2023-12-01,10.726593828863825
122,74.437734548935,27.7986813776874,Tal Chhapar,2023-12-01,2022-03-01,2023-12-01,9.579044048362242
123,74.4379009962578,27.7988561059487,Tal Chhapar,2023-12-01,2022-03-01,2023-12-01,11.770206141826321
124,74.4381757906688,27.7989833682677,Tal Chhapar,2023-12-01,2022-03-01,2023-12-01,0.4788605763465126
125,74.43799366756,27.7987587736132,Tal Chhapar,2023-12-01,2022-03-01,2023-12-01,1.1518467023009764
126,74.4379602755991,27.798609758428,Tal Chhapar,2023-12-01,2022-03-01,2023-12-01,0.7153321656904824
128,74.4378295972662,27.7985416046906,Tal Chhapar,2023-12-01,2022-03-01,2023-12-01,13.168326620780146
129,74.4381396519211,27.7987386544486,Tal Chhapar,2023-12-01,2022-03-01,2023-12-01,15.294353876709678
130,74.438122030694,27.7985888360779,Tal Chhapar,2023-12-01,2022-03-01,2023-12-01,16.69924059019019
132,74.4378791809548,27.7982662989656,Tal Chhapar,2023-12-01,2022-03-01,2023-12-01,8.992198111068749
141,74.4379906507423,27.7991782634186,Tal Chhapar,2023-12-01,2022-03-01,2023-12-01,1.7972496974677374
142,74.4379155532518,27.7990567550642,Tal Chhapar,2023-12-01,2022-03-01,2023-12-01,14.61982083371981
143,74.4377991382784,27.7989867325742,Tal Chhapar,2023-12-01,2022-03-01,2023-12-01,1.1098275375965865
144,74.4376241897066,27.799005740553,Tal Chhapar,2023-12-01,2022-03-01,2023-12-01,14.103809110424699
145,74.4375784730079,27.7988816742492,Tal Chhapar,2023-12-01,2022-03-01,2023-12-01,1.0276776377989292
146,74.4376470267447,27.7987954338567,Tal Chhapar,2023-12-01,2022-03-01,2023-12-01,5.257799068733206
147,74.4377939065433,27.7992050981426,Tal Chhapar,2023-12-01,2022-03-01,2023-12-01,17.81364591622747
148,74.4375917909797,27.7991421321331,Tal Chhapar,2023-12-01,2022-03-01,2023-12-01,5.85752480510462
149,74.4377123935111,27.799383819157,Tal Chhapar,2023-12-01,2022-03-01,2023-12-01,0.9734855144359211
150,74.4374699458184,27.7992594527615,Tal Chhapar,2023-12-01,2022-03-01,2023-12-01,1.3319673420642835
151,74.4375272617991,27.7994074722033,Tal Chhapar,2023-12-01,2022-03-01,2023-12-01,16.44585626187807
152,74.437724645621,27.7995175788167,Tal Chhapar,2023-12-01,2022-03-01,2023-12-01,12.5536277882699
153,74.4376271564337,27.7992981241505,Tal Chhapar,2023-12-01,2022-03-01,2023-12-01,12.100978718344537
154,74.437463739876,27.7996061885098,Tal Chhapar,2023-12-01,2022-03-01,2023-12-01,2.886392829859199
155,74.4374315068729,27.799746139591,Tal Chhapar,2023-12-01,2022-03-01,2023-12-01,3.870073915895467
156,74.4372672159953,27.7997117355613,Tal Chhapar,2023-12-01,2022-03-01,2023-12-01,12.80223772130841
157,74.4372367378862,27.79960037169,Tal Chhapar,2023-12-01,2022-03-01,2023-12-01,5.189924690509888
158,74.4373625683832,27.7994234924775,Tal Chhapar,2023-12-01,2022-03-01,2023-12-01,1.489127334735631
159,74.4374430150935,27.799494162842,Tal Chhapar,2023-12-01,2022-03-01,2023-12-01,12.261127634614427
160,74.437527580209,27.7997125128526,Tal Chhapar,2023-12-01,2022-03-01,2023-12-01,7.71307707491775
161,74.4373595713479,27.7996919954491,Tal Chhapar,2023-12-01,2022-03-01,2023-12-01,5.773374894446377
162,74.4374330901109,27.7998492448924,Tal Chhapar,2023-12-01,2022-03-01,2023-12-01,13.350487673052976
163,74.4360424110261,27.7990710925956,Tal Chhapar,2023-12-01,2022-03-01,2023-12-01,2.1025527637473687
164,74.4362151734371,27.7990035254363,Tal Chhapar,2023-12-01,2022-03-01,2023-12-01,2.7529043903752735
165,74.4363327756082,27.7988047264093,Tal Chhapar,2023-12-01,2022-03-01,2023-12-01,3.2443271680028203
166,74.4364456556116,27.798674809893,Tal Chhapar,2023-12-01,2022-03-01,2023-12-01,1.3464547931521667
167,74.4363980608381,27.7985230318429,Tal Chhapar,2023-12-01,2022-03-01,2023-12-01,3.3002053620720173
168,74.4365982650212,27.7986342430242,Tal Chhapar,2023-12-01,2022-03-01,2023-12-01,3.8179066823686387
169,74.4366698933023,27.7983695952743,Tal Chhapar,2023-12-01,2022-03-01,2023-12-01,2.198223747771207
170,74.4369619755132,27.7984198022333,Tal Chhapar,2023-12-01,2022-03-01,2023-12-01,0.5642614274740335
171,74.4371858143532,27.7985412997056,Tal Chhapar,2023-12-01,2022-03-01,2023-12-01,1.249687800105714
172,74.4371516684403,27.7986048101979,Tal Chhapar,2023-12-01,2022-03-01,2023-12-01,1.4768340326873497
173,74.4373708523869,27.7986983898172,Tal Chhapar,2023-12-01,2022-03-01,2023-12-01,1.5272918362533727
174,74.4374084333262,27.7988178691188,Tal Chhapar,2023-12-01,2022-03-01,2023-12-01,0.9622106523634096
175,74.4375063855458,27.7987847010047,Tal Chhapar,2023-12-01,2022-03-01,2023-12-01,9.281365570260999
176,74.437523833372,27.7986957581466,Tal Chhapar,2023-12-01,2022-03-01,2023-12-01,0.8223183143415093
177,74.4368139803749,27.7984762617141,Tal Chhapar,2023-12-01,2022-03-01,2023-12-01,15.307612919462803
178,74.4369450899764,27.7985565158629,Tal Chhapar,2023-12-01,2022-03-01,2023-12-01,1.074776073207091
179,74.4370491685777,27.7986405828074,Tal Chhapar,2023-12-01,2022-03-01,2023-12-01,10.29569673901532
180,74.4362609179409,27.7991792684859,Tal Chhapar,2023-12-01,2022-03-01,2023-12-01,3.072211204162481
181,74.4363790960823,27.799039402498,Tal Chhapar,2023-12-01,2022-03-01,2023-12-01,1.362295579026544
182,74.4365181222601,27.7988773007585,Tal Chhapar,2023-12-01,2022-03-01,2023-12-01,0.22077351928531716
183,74.4368142415479,27.7986406073614,Tal Chhapar,2023-12-01,2022-03-01,2023-12-01,0.28324162230215744
184,74.437196771608,27.7988148127827,Tal Chhapar,2023-12-01,2022-03-01,2023-12-01,2.0161318720728114
185,74.437341388312,27.7989499593703,Tal Chhapar,2023-12-01,2022-03-01,2023-12-01,1.3270616786456846
186,74.4374120822218,27.7990536857336,Tal Chhapar,2023-12-01,2022-03-01,2023-12-01,5.985818838562201
187,74.4370199786416,27.7988503810235,Tal Chhapar,2023-12-01,2022-03-01,2023-12-01,3.639843646237501
188,74.4368689702223,27.798750051047602,Tal Chhapar,2023-12-01,2022-03-01,2023-12-01,0.6291239349721907
189,74.4375901177841,27.7992513700726,Tal Chhapar,2023-12-01,2022-03-01,2023-12-01,12.616984863327769
190,74.4371431967964,27.7989947361355,Tal Chhapar,2023-12-01,2022-03-01,2023-12-01,2.3786476088298385
191,74.4372542822886,27.7990147037516,Tal Chhapar,2023-12-01,2022-03-01,2023-12-01,2.8343852930478715
192,74.4372750426454,27.7991549045634,Tal Chhapar,2023-12-01,2022-03-01,2023-12-01,4.258406444678686
193,74.4371006341368,27.7991406263606,Tal Chhapar,2023-12-01,2022-03-01,2023-12-01,2.2815551634768023
194,74.4372675129189,27.7992153539713,Tal Chhapar,2023-12-01,2022-03-01,2023-12-01,2.479022952415437
195,74.4372077025543,27.7993165543002,Tal Chhapar,2023-12-01,2022-03-01,2023-12-01,0.8749996894900027
196,74.437177715201,27.7994262305667,Tal Chhapar,2023-12-01,2022-03-01,2023-12-01,2.552573749428868
197,74.4370565303289,27.7995384791696,Tal Chhapar,2023-12-01,2022-03-01,2023-12-01,3.031141613470597
198,74.437072645101,27.7993147681325,Tal Chhapar,2023-12-01,2022-03-01,2023-12-01,2.5350752984865674
199,74.4369495656644,27.7994438825397,Tal Chhapar,2023-12-01,2022-03-01,2023-12-01,5.3976721806141805
200,74.4367733465381,27.7994343902174,Tal Chhapar,2023-12-01,2022-03-01,2023-12-01,11.950385386005257
201,74.4364618287126,27.7991739694607,Tal Chhapar,2023-12-01,2022-03-01,2023-12-01,3.2571842714844705
202,74.4365796926466,27.7990223012591,Tal Chhapar,2023-12-01,2022-03-01,2023-12-01,5.057508752373497
203,74.4367081632157,27.7988356826447,Tal Chhapar,2023-12-01,2022-03-01,2023-12-01,0.5445182485989906
204,74.4368720526815,27.7988840352927,Tal Chhapar,2023-12-01,2022-03-01,2023-12-01,1.2441610582200942
205,74.4369837795723,27.7990117950767,Tal Chhapar,2023-12-01,2022-03-01,2023-12-01,2.826831910906169
206,74.4367740016859,27.7990234978308,Tal Chhapar,2023-12-01,2022-03-01,2023-12-01,0.05070097156061646
207,74.4369245915442,27.799225855962298,Tal Chhapar,2023-12-01,2022-03-01,2023-12-01,1.2022582804955437
208,74.4367040550025,27.7991309368827,Tal Chhapar,2023-12-01,2022-03-01,2023-12-01,6.396791120780394
209,74.4366918266757,27.7992160719884,Tal Chhapar,2023-12-01,2022-03-01,2023-12-01,3.2641340546585944
210,74.4367472330165,27.7993514563951,Tal Chhapar,2023-12-01,2022-03-01,2023-12-01,5.120835987286445
214,74.4357228889118,27.799808882582,Tal Chhapar,2023-12-01,2022-03-01,2023-12-01,2.698443780020829
220,74.4357763086231,27.7996587862323,Tal Chhapar,2023-12-01,2022-03-01,2023-12-01,12.582753332087453
221,74.4358776220373,27.7997553624521,Tal Chhapar,2023-12-01,2022-03-01,2023-12-01,14.695948559980934
222,74.4360187478579,27.7997800303938,Tal Chhapar,2023-12-01,2022-03-01,2023-12-01,13.611325142424866
223,74.4357757444124,27.799951424297,Tal Chhapar,2023-12-01,2022-03-01,2023-12-01,9.909781762369489
233,74.4359419091652,27.7999962099164,Tal Chhapar,2023-12-01,2022-03-01,2023-12-01,10.553734743838236
234,74.4360165356212,27.7999096345893,Tal Chhapar,2023-12-01,2022-03-01,2023-12-01,0.7975770862842627
235,74.4360887983564,27.8002839183305,Tal Chhapar,2023-12-01,2022-03-01,2023-12-01,20.778612025961042
236,74.4361133345881,27.8000791949896,Tal Chhapar,2023-12-01,2022-03-01,2023-12-01,13.31358442411385
238,74.4359850684108,27.8001066522067,Tal Chhapar,2023-12-01,2022-03-01,2023-12-01,0.3572573294938419
239,74.4360901702684,27.7999615768985,Tal Chhapar,2023-12-01,2022-03-01,2023-12-01,9.94002614166839
240,74.4362227086577,27.799908566928,Tal Chhapar,2023-12-01,2022-03-01,2023-12-01,1.3839097418072621
243,74.4362974243488,27.8002135728083,Tal Chhapar,2023-12-01,2022-03-01,2023-12-01,13.635590768187148
244,74.4362985982551,27.7999965246874,Tal Chhapar,2023-12-01,2022-03-01,2023-12-01,13.482312897916055
245,74.436402285672,27.8000903057534,Tal Chhapar,2023-12-01,2022-03-01,2023-12-01,2.635639496742851
246,74.4365401162805,27.80008461755,Tal Chhapar,2023-12-01,2022-03-01,2023-12-01,14.498328056325205
247,74.4364755151868,27.7999756582766,Tal Chhapar,2023-12-01,2022-03-01,2023-12-01,11.811295240198776
248,74.4364509140598,27.8001341260356,Tal Chhapar,2023-12-01,2022-03-01,2023-12-01,7.405130265029931
249,74.4364538967547,27.8002164095131,Tal Chhapar,2023-12-01,2022-03-01,2023-12-01,8.698201091798744
250,74.4363386092462,27.8003022858609,Tal Chhapar,2023-12-01,2022-03-01,2023-12-01,7.331998830015812
260,74.436463747207,27.8003913364018,Tal Chhapar,2023-12-01,2022-03-01,2023-12-01,12.926964353842079
261,74.4365748097924,27.8002346148988,Tal Chhapar,2023-12-01,2022-03-01,2023-12-01,10.727119227396475
262,74.4365985424599,27.8003377376068,Tal Chhapar,2023-12-01,2022-03-01,2023-12-01,1.2080953213917813
269,74.4367720302958,27.8003940648516,Tal Chhapar,2023-12-01,2022-03-01,2023-12-01,14.45826215715066
270,74.4369197165313,27.8004100390825,Tal Chhapar,2023-12-01,2022-03-01,2023-12-01,1.0635301028064217
271,74.4367596350279,27.8002965441128,Tal Chhapar,2023-12-01,2022-03-01,2023-12-01,15.729425593479737
272,74.4367015332723,27.8001672192837,Tal Chhapar,2023-12-01,2022-03-01,2023-12-01,4.020037113244725
273,74.4368851469872,27.800232016741,Tal Chhapar,2023-12-01,2022-03-01,2023-12-01,18.951690696762153
274,74.4370295914868,27.8003504561838,Tal Chhapar,2023-12-01,2022-03-01,2023-12-01,12.255569557406039
278,74.4371410547496,27.8004184995595,Tal Chhapar,2023-12-01,2022-03-01,2023-12-01,17.049505833671216
281,74.4372396736684,27.8004037849238,Tal Chhapar,2023-12-01,2022-03-01,2023-12-01,10.20153280472118
0,72.0222892219056,22.0480268247643,Velavadar Lek 1,2014-02-01,2013-12-01,2014-02-01,3.951880915464191
1,72.0222024176278,22.0481564486465,Velavadar Lek 1,2014-02-01,2013-12-01,2014-02-01,4.904696621377254
2,72.0224338957019,22.0481810324729,Velavadar Lek 1,2014-02-01,2013-12-01,2014-02-01,17.094948026778148
3,72.0226183547922,22.0483073038772,Velavadar Lek 1,2014-02-01,2013-12-01,2014-02-01,5.941480617191143
4,72.0225604852737,22.0483084213227,Velavadar Lek 1,2014-02-01,2013-12-01,2014-02-01,9.218325157980988
5,72.0224555967713,22.0483676459244,Velavadar Lek 1,2014-02-01,2013-12-01,2014-02-01,18.120057671670494
6,72.0222687264511,22.048497269494302,Velavadar Lek 1,2014-02-01,2013-12-01,2014-02-01,27.562065162723272
7,72.0221252582697,22.0484782729441,Velavadar Lek 1,2014-02-01,2013-12-01,2014-02-01,16.103084401414513
8,72.0222180906223,22.0483285353412,Velavadar Lek 1,2014-02-01,2013-12-01,2014-02-01,14.23439263243369
9,72.0218678594737,22.0482067337413,Velavadar Lek 1,2014-02-01,2013-12-01,2014-02-01,3.584284352759228
10,72.0220354399545,22.0479687174682,Velavadar Lek 1,2014-02-01,2013-12-01,2014-02-01,4.292530424045421
11,72.021896794233,22.0477977477855,Velavadar Lek 1,2014-02-01,2013-12-01,2014-02-01,3.8204638261332686
12,72.0222807826008,22.0477681353685,Velavadar Lek 1,2014-02-01,2013-12-01,2014-02-01,4.574113738342938
13,72.0226123267173,22.0478603249482,Velavadar Lek 1,2014-02-01,2013-12-01,2014-02-01,3.7197842519278415
14,72.0225213027872,22.0480106217707,Velavadar Lek 1,2014-02-01,2013-12-01,2014-02-01,4.82072129478836
15,72.0224580080013,22.0479134037699,Velavadar Lek 1,2014-02-01,2013-12-01,2014-02-01,16.389463233861697
16,72.0225773638832,22.0481028111924,Velavadar Lek 1,2014-02-01,2013-12-01,2014-02-01,7.4970453176565135
17,72.0226695934284,22.0479759808815,Velavadar Lek 1,2014-02-01,2013-12-01,2014-02-01,10.699870803383531
18,72.0227467527864,22.0481374520505,Velavadar Lek 1,2014-02-01,2013-12-01,2014-02-01,22.85761809203608
19,72.0215513855443,22.048197235447,Velavadar Lek 1,2014-02-01,2013-12-01,2014-02-01,3.844412173704007
20,72.0216532600092,22.0479050229047,Velavadar Lek 1,2014-02-01,2013-12-01,2014-02-01,4.06315643693826
21,72.0214434830045,22.0478156269777,Velavadar Lek 1,2014-02-01,2013-12-01,2014-02-01,4.813188327589965
22,72.02231212859,22.0486738255451,Velavadar Lek 1,2014-02-01,2013-12-01,2014-02-01,31.873239113365024
23,72.0227919633478,22.0485531416861,Velavadar Lek 1,2014-02-01,2013-12-01,2014-02-01,27.147448570493054
24,72.0228588749786,22.0483955820487,Velavadar Lek 1,2014-02-01,2013-12-01,2014-02-01,23.896824059718483
25,72.0231144653521,22.0483201545005,Velavadar Lek 1,2014-02-01,2013-12-01,2014-02-01,4.865896988576806
26,72.0220245894198,22.0485397323621,Velavadar Lek 1,2014-02-01,2013-12-01,2014-02-01,4.993083699259488
27,72.022447760274,22.0477117041415,Velavadar Lek 1,2014-02-01,2013-12-01,2014-02-01,4.105768382095626
28,72.0226762243107,22.0476575077934,Velavadar Lek 1,2014-02-01,2013-12-01,2014-02-01,3.9913799056289814
29,72.0226159435623,22.047527883454,Velavadar Lek 1,2014-02-01,2013-12-01,2014-02-01,4.256159502721347
30,72.0225665133485,22.0474781568441,Velavadar Lek 1,2014-02-01,2013-12-01,2014-02-01,4.891591141788136
31,72.0224405265842,22.0475407341482,Velavadar Lek 1,2014-02-01,2013-12-01,2014-02-01,14.085963313611863
32,72.0222530534565,22.0475507912123,Velavadar Lek 1,2014-02-01,2013-12-01,2014-02-01,5.396633006519694
33,72.0221077768527,22.0475642006301,Velavadar Lek 1,2014-02-01,2013-12-01,2014-02-01,4.270964024335187
34,72.022274754526,22.0473708814012,Velavadar Lek 1,2014-02-01,2013-12-01,2014-02-01,4.149636263386182
35,72.0224242507821,22.0472272886238,Velavadar Lek 1,2014-02-01,2013-12-01,2014-02-01,4.653029282443678
36,72.0227750847382,22.0471904126341,Velavadar Lek 1,2014-02-01,2013-12-01,2014-02-01,3.6188696840490975
37,72.0230469509138,22.0471518604527,Velavadar Lek 1,2014-02-01,2013-12-01,2014-02-01,4.863909345285351
38,72.0228811788555,22.0474451920031,Velavadar Lek 1,2014-02-01,2013-12-01,2014-02-01,4.48570509327147
39,72.023096983935,22.0474368111101,Velavadar Lek 1,2014-02-01,2013-12-01,2014-02-01,5.363171244258284
40,72.0228492300589,22.0476843266074,Velavadar Lek 1,2014-02-01,2013-12-01,2014-02-01,17.006095857189695
41,72.0232730037206,22.0477066756152,Velavadar Lek 1,2014-02-01,2013-12-01,2014-02-01,3.753431375018162
42,72.0234592712333,22.047451337991,Velavadar Lek 1,2014-02-01,2013-12-01,2014-02-01,37.09337902608571
43,72.0218853408908,22.0473004818476,Velavadar Lek 1,2014-02-01,2013-12-01,2014-02-01,4.836873264946565
44,72.0220294118797,22.047078667152,Velavadar Lek 1,2014-02-01,2013-12-01,2014-02-01,31.596097210445134
45,72.022488751183,22.047060229139,Velavadar Lek 1,2014-02-01,2013-12-01,2014-02-01,5.509791133494345
46,72.0217780411585,22.0475211787436,Velavadar Lek 1,2014-02-01,2013-12-01,2014-02-01,4.438512183390197
47,72.0228606834011,22.0479268131533,Velavadar Lek 1,2014-02-01,2013-12-01,2014-02-01,4.006039898968407
48,72.0225641021186,22.0468775250619,Velavadar Lek 1,2014-02-01,2013-12-01,2014-02-01,25.734540386989075
50,72.0219769676285,22.0483385923493,Velavadar Lek 1,2014-02-01,2013-12-01,2014-02-01,15.040459509023533
51,72.022291030328,22.0480027996352,Velavadar Lek 1,2014-02-01,2013-12-01,2014-02-01,6.608525629256806
52,72.0221994035904,22.0474770393919,Velavadar Lek 1,2014-02-01,2013-12-01,2014-02-01,11.859348129030275
53,72.0215543995818,22.0474692172269,Velavadar Lek 1,2014-02-01,2013-12-01,2014-02-01,3.969045717052424
54,72.0218630370139,22.0479988885672,Velavadar Lek 1,2014-02-01,2013-12-01,2014-02-01,18.274752724382118
55,72.0225743498459,22.0475122391292,Velavadar Lek 1,2014-02-01,2013-12-01,2014-02-01,1.0343255661419368
56,72.0220818561309,22.0477217611935,Velavadar Lek 1,2014-02-01,2013-12-01,2014-02-01,3.804752573440694
57,72.0220523185642,22.0477424340204,Velavadar Lek 1,2014-02-01,2013-12-01,2014-02-01,3.5631688913715873
58,72.0226519137836,22.0478315604203,Velavadar Lek 1,2014-02-01,2013-12-01,2014-02-01,7.866657109524305
64,72.021675676811,22.0471017203124,Velavadar Lek 1,2014-02-01,2013-12-01,2014-02-01,20.4122393778092
71,72.0226892618505,22.047685400384,Velavadar Lek 1,2014-02-01,2013-12-01,2014-02-01,2.2833078247523426
72,72.0228044183903,22.047825790948,Velavadar Lek 1,2014-02-01,2013-12-01,2014-02-01,16.39992383250971
0,72.022479708084,22.0477511487367,Velavadar Lek 1,2014-10-01,2014-02-01,2014-10-01,5.477153496031735
1,72.0225375243173,22.0480618001811,Velavadar Lek 1,2014-10-01,2014-02-01,2014-10-01,5.913782977712013
2,72.022317167715,22.0478017964493,Velavadar Lek 1,2014-10-01,2014-02-01,2014-10-01,5.295568663765507
3,72.0223093422625,22.0480663555934,Velavadar Lek 1,2014-10-01,2014-02-01,2014-10-01,4.84876021302852
4,72.0226182530396,22.0479090820141,Velavadar Lek 1,2014-10-01,2014-02-01,2014-10-01,5.437632256915939
5,72.0223205543184,22.0480515500703,Velavadar Lek 1,2014-10-01,2014-02-01,2014-10-01,4.240815997857627
6,72.0222283289729,22.0481995944621,Velavadar Lek 1,2014-10-01,2014-02-01,2014-10-01,5.4795610859210235
7,72.0226862525971,22.0481591876061,Velavadar Lek 1,2014-10-01,2014-02-01,2014-10-01,6.698119645236722
8,72.022451100433,22.0482012656538,Velavadar Lek 1,2014-10-01,2014-02-01,2014-10-01,2.8611672997775677
9,72.0221037859213,22.0477589375675,Velavadar Lek 1,2014-10-01,2014-02-01,2014-10-01,4.701561404252122
10,72.0226902815414,22.0476994276035,Velavadar Lek 1,2014-10-01,2014-02-01,2014-10-01,1.5580036738694472
11,72.0226944981609,22.047381087866,Velavadar Lek 1,2014-10-01,2014-02-01,2014-10-01,17.044715639192656
12,72.0222833813702,22.047412556741,Velavadar Lek 1,2014-10-01,2014-02-01,2014-10-01,4.703494867332555
13,72.0218819931256,22.0473369967136,Velavadar Lek 1,2014-10-01,2014-02-01,2014-10-01,4.061181590393384
14,72.0224274983276,22.0472691662066,Velavadar Lek 1,2014-10-01,2014-02-01,2014-10-01,4.6528124140869105
15,72.0233072840684,22.0477573368847,Velavadar Lek 1,2014-10-01,2014-02-01,2014-10-01,6.637711662578452
16,72.0230317984646,22.0476534270678,Velavadar Lek 1,2014-10-01,2014-02-01,2014-10-01,19.168862606099786
17,72.0228888930989,22.047710451011,Velavadar Lek 1,2014-10-01,2014-02-01,2014-10-01,5.016990199366314
18,72.0231285854012,22.0478526245683,Velavadar Lek 1,2014-10-01,2014-02-01,2014-10-01,22.003825292422107
19,72.0228849925141,22.0479604147396,Velavadar Lek 1,2014-10-01,2014-02-01,2014-10-01,4.491290804960215
20,72.0232407216881,22.048114041612,Velavadar Lek 1,2014-10-01,2014-02-01,2014-10-01,24.119387874949552
21,72.0231252470805,22.04749279291,Velavadar Lek 1,2014-10-01,2014-02-01,2014-10-01,6.856428700539617
22,72.0230563823114,22.0472086584247,Velavadar Lek 1,2014-10-01,2014-02-01,2014-10-01,6.369080858234024
23,72.0228972704464,22.0475045095424,Velavadar Lek 1,2014-10-01,2014-02-01,2014-10-01,6.780269725530977
24,72.0226324370113,22.0475581975246,Velavadar Lek 1,2014-10-01,2014-02-01,2014-10-01,3.766695122066242
25,72.0224790100682,22.0470940746909,Velavadar Lek 1,2014-10-01,2014-02-01,2014-10-01,3.8832818702176057
29,72.0226164766809,22.0486245421092,Velavadar Lek 1,2014-10-01,2014-02-01,2014-10-01,18.202580246645937
30,72.0227256551783,22.0488417206915,Velavadar Lek 1,2014-10-01,2014-02-01,2014-10-01,8.417929613581961
32,72.0222643584417,22.0483852555337,Velavadar Lek 1,2014-10-01,2014-02-01,2014-10-01,7.8964292933575235
33,72.0216754827283,22.0479421822486,Velavadar Lek 1,2014-10-01,2014-02-01,2014-10-01,4.714569554920218
34,72.0225449957938,22.048481538299,Velavadar Lek 1,2014-10-01,2014-02-01,2014-10-01,15.639240017392705
35,72.0231300334747,22.0483707184312,Velavadar Lek 1,2014-10-01,2014-02-01,2014-10-01,5.829525747094036
36,72.0223491791313,22.0487002226049,Velavadar Lek 1,2014-10-01,2014-02-01,2014-10-01,4.817363014140885
0,72.0220312192592,22.0479627602323,Velavadar Lek 1,2015-05-01,2014-10-01,2015-05-01,23.798375427082274
1,72.0221847613123,22.0481916155631,Velavadar Lek 1,2015-05-01,2014-10-01,2015-05-01,4.586847764040875
2,72.021873527421,22.0481993081728,Velavadar Lek 1,2015-05-01,2014-10-01,2015-05-01,35.078083099086605
3,72.0219606729105,22.0483416213773,Velavadar Lek 1,2015-05-01,2014-10-01,2015-05-01,31.743079953393448
4,72.0222262591645,22.0483473908285,Velavadar Lek 1,2015-05-01,2014-10-01,2015-05-01,5.753068015970041
5,72.0224420479958,22.0483666223309,Velavadar Lek 1,2015-05-01,2014-10-01,2015-05-01,16.59139287715842
6,72.0226059645119,22.0483281593236,Velavadar Lek 1,2015-05-01,2014-10-01,2015-05-01,18.126294969314554
7,72.022711784035,22.0482070007821,Velavadar Lek 1,2015-05-01,2014-10-01,2015-05-01,5.918647807204507
8,72.0231143132011,22.0483358519259,Velavadar Lek 1,2015-05-01,2014-10-01,2015-05-01,4.19118498460651
9,72.0229296477589,22.0482320017595,Velavadar Lek 1,2015-05-01,2014-10-01,2015-05-01,25.784382081482917
10,72.0232201327242,22.048083918983,Velavadar Lek 1,2015-05-01,2014-10-01,2015-05-01,3.958115898996875
11,72.0234047981664,22.0482839268522,Velavadar Lek 1,2015-05-01,2014-10-01,2015-05-01,1.7846351985086246
12,72.022578990908,22.0485781686843,Velavadar Lek 1,2015-05-01,2014-10-01,2015-05-01,6.434652002104497
13,72.0227781805985,22.0485550909157,Velavadar Lek 1,2015-05-01,2014-10-01,2015-05-01,18.392664693018585
18,72.0219897214071,22.0474608157315,Velavadar Lek 1,2015-05-01,2014-10-01,2015-05-01,17.66708119799155
19,72.0220664924336,22.0477242887375,Velavadar Lek 1,2015-05-01,2014-10-01,2015-05-01,5.43929385935607
20,72.0218797520988,22.0477992919123,Velavadar Lek 1,2015-05-01,2014-10-01,2015-05-01,23.57227975677206
21,72.0224420479958,22.0476992876704,Velavadar Lek 1,2015-05-01,2014-10-01,2015-05-01,6.940076919006806
22,72.0222366336275,22.047568512786,Velavadar Lek 1,2015-05-01,2014-10-01,2015-05-01,17.94448207892121
23,72.0225561670893,22.0474781241922,Velavadar Lek 1,2015-05-01,2014-10-01,2015-05-01,11.866722314133948
24,72.0222594574462,22.0473742733962,Velavadar Lek 1,2015-05-01,2014-10-01,2015-05-01,4.9098210105107425
25,72.0224399731032,22.0475723591078,Velavadar Lek 1,2015-05-01,2014-10-01,2015-05-01,19.944681904480486
26,72.0225955900489,22.0478608329491,Velavadar Lek 1,2015-05-01,2014-10-01,2015-05-01,5.836887661403988
27,72.0225146692371,22.0480377632807,Velavadar Lek 1,2015-05-01,2014-10-01,2015-05-01,3.5594708771725854
28,72.0224233739623,22.04816084512,Velavadar Lek 1,2015-05-01,2014-10-01,2015-05-01,5.316757750856891
29,72.0222677570167,22.0480262243527,Velavadar Lek 1,2015-05-01,2014-10-01,2015-05-01,6.133992648907023
30,72.0222739816945,22.047762751909,Velavadar Lek 1,2015-05-01,2014-10-01,2015-05-01,6.214898801337786
31,72.0228798503363,22.0474531230816,Velavadar Lek 1,2015-05-01,2014-10-01,2015-05-01,5.97203491176683
32,72.0229918945372,22.0476031296789,Velavadar Lek 1,2015-05-01,2014-10-01,2015-05-01,6.932560744247621
33,72.0228383524841,22.0476742865989,Velavadar Lek 1,2015-05-01,2014-10-01,2015-05-01,6.581912463451333
34,72.0228466520546,22.0479242971152,Velavadar Lek 1,2015-05-01,2014-10-01,2015-05-01,5.630928446275358
35,72.0229586962555,22.0480666105964,Velavadar Lek 1,2015-05-01,2014-10-01,2015-05-01,14.016572775740258
36,72.0228238282359,22.0480339169715,Velavadar Lek 1,2015-05-01,2014-10-01,2015-05-01,10.308737623231737
37,72.0229192732959,22.0484070084773,Velavadar Lek 1,2015-05-01,2014-10-01,2015-05-01,22.141119731305174
38,72.0220125452257,22.0485416288822,Velavadar Lek 1,2015-05-01,2014-10-01,2015-05-01,31.257068181362726
41,72.0230769651342,22.0474511999191,Velavadar Lek 1,2015-05-01,2014-10-01,2015-05-01,6.79139890177653
42,72.0234462960186,22.0474531230816,Velavadar Lek 1,2015-05-01,2014-10-01,2015-05-01,3.1698702949398623
43,72.0228943745846,22.0473435027753,Velavadar Lek 1,2015-05-01,2014-10-01,2015-05-01,17.84460790315226
44,72.0226661363976,22.0473108089833,Velavadar Lek 1,2015-05-01,2014-10-01,2015-05-01,8.320930986900233
45,72.0224129994993,22.047237728715,Velavadar Lek 1,2015-05-01,2014-10-01,2015-05-01,3.792120398611434
46,72.0224690215997,22.0470723363895,Velavadar Lek 1,2015-05-01,2014-10-01,2015-05-01,2.620651242406382
47,72.0227667686891,22.0471963806518,Velavadar Lek 1,2015-05-01,2014-10-01,2015-05-01,21.78763331990732
51,72.0236413359238,22.0478752566257,Velavadar Lek 1,2015-05-01,2014-10-01,2015-05-01,3.5723939120063446
60,72.0231029012918,22.0479598754989,Velavadar Lek 1,2015-05-01,2014-10-01,2015-05-01,12.17767681814699
61,72.0230904519361,22.0478117924375,Velavadar Lek 1,2015-05-01,2014-10-01,2015-05-01,5.999451788864694
62,72.0232771922709,22.0477137113635,Velavadar Lek 1,2015-05-01,2014-10-01,2015-05-01,5.747635598610773
64,72.0222646446777,22.0487849068604,Velavadar Lek 1,2015-05-01,2014-10-01,2015-05-01,12.819131974833095
66,72.0224928828647,22.0488502937555,Velavadar Lek 1,2015-05-01,2014-10-01,2015-05-01,22.292453837975124
67,72.0226796231995,22.0488002920149,Velavadar Lek 1,2015-05-01,2014-10-01,2015-05-01,6.609877523953076
76,72.02302198048,22.0471713794914,Velavadar Lek 1,2015-05-01,2014-10-01,2015-05-01,5.449453126262936
77,72.0232315446335,22.0473117705655,Velavadar Lek 1,2015-05-01,2014-10-01,2015-05-01,21.401194429816734
79,72.0231734476405,22.0475156258498,Velavadar Lek 1,2015-05-01,2014-10-01,2015-05-01,5.585434921729134
80,72.0218268423373,22.0476579397421,Velavadar Lek 1,2015-05-01,2014-10-01,2015-05-01,30.72142450065063
0,72.0226686837561,22.0476879241346,Velavadar Lek 1,2015-11-01,2015-05-01,2015-11-01,17.592958775756106
1,72.0228516473911,22.0474929373053,Velavadar Lek 1,2015-11-01,2015-05-01,2015-11-01,5.287247355609773
2,72.0225963279193,22.0475115897348,Velavadar Lek 1,2015-11-01,2015-05-01,2015-11-01,5.564743815359731
3,72.0226206446813,22.0479243020844,Velavadar Lek 1,2015-11-01,2015-05-01,2015-11-01,7.49452373355046
4,72.0224511576176,22.047728958488,Velavadar Lek 1,2015-11-01,2015-05-01,2015-11-01,3.4200251218779285
5,72.0222899250233,22.047409404149,Velavadar Lek 1,2015-11-01,2015-05-01,2015-11-01,5.006261511862324
6,72.0228381178097,22.0476878359532,Velavadar Lek 1,2015-11-01,2015-05-01,2015-11-01,1.501678884650197
7,72.0228754527637,22.0479558096825,Velavadar Lek 1,2015-11-01,2015-05-01,2015-11-01,4.5877153370863235
8,72.0227805713166,22.0478353238088,Velavadar Lek 1,2015-11-01,2015-05-01,2015-11-01,11.992285893032669
9,72.0230176038167,22.0476376487405,Velavadar Lek 1,2015-11-01,2015-05-01,2015-11-01,4.656891471247314
10,72.022684205706,22.0473465212252,Velavadar Lek 1,2015-11-01,2015-05-01,2015-11-01,4.375635811324152
11,72.0224458014123,22.047268301182,Velavadar Lek 1,2015-11-01,2015-05-01,2015-11-01,4.791769756151595
12,72.0225067383658,22.0470947177073,Velavadar Lek 1,2015-11-01,2015-05-01,2015-11-01,4.6188164786655985
13,72.022301479294,22.0480472278309,Velavadar Lek 1,2015-11-01,2015-05-01,2015-11-01,4.189718013604843
14,72.0220834984588,22.0477505976026,Velavadar Lek 1,2015-11-01,2015-05-01,2015-11-01,3.4038618062492954
15,72.0216680391201,22.0479620904323,Velavadar Lek 1,2015-11-01,2015-05-01,2015-11-01,6.146948058258373
16,72.023096994561,22.0478406124779,Velavadar Lek 1,2015-11-01,2015-05-01,2015-11-01,3.264454314791952
17,72.0232862213826,22.0477388447191,Velavadar Lek 1,2015-11-01,2015-05-01,2015-11-01,2.937217233484419
18,72.0222585020506,22.0475871867032,Velavadar Lek 1,2015-11-01,2015-05-01,2015-11-01,3.063670668638786
19,72.0222869361516,22.0477968116649,Velavadar Lek 1,2015-11-01,2015-05-01,2015-11-01,4.004598888888511
20,72.0221567681159,22.0479575482881,Velavadar Lek 1,2015-11-01,2015-05-01,2015-11-01,12.982882252084872
21,72.0227286283452,22.0482364211268,Velavadar Lek 1,2015-11-01,2015-05-01,2015-11-01,3.6955656032941984
22,72.0234728644461,22.047489875503,Velavadar Lek 1,2015-11-01,2015-05-01,2015-11-01,4.911279443279557
23,72.0231042292118,22.0474789068755,Velavadar Lek 1,2015-11-01,2015-05-01,2015-11-01,4.1665596552662825
24,72.0220735068377,22.0481337293549,Velavadar Lek 1,2015-11-01,2015-05-01,2015-11-01,13.162244004155857
25,72.0219048313703,22.0473516905526,Velavadar Lek 1,2015-11-01,2015-05-01,2015-11-01,6.038054094070132
28,72.0227941536068,22.0471967516674,Velavadar Lek 1,2015-11-01,2015-05-01,2015-11-01,2.8293559001697344
29,72.0228879664513,22.0473704155899,Velavadar Lek 1,2015-11-01,2015-05-01,2015-11-01,3.054956361067471
30,72.0236734409153,22.0479033996294,Velavadar Lek 1,2015-11-01,2015-05-01,2015-11-01,4.552628577717953
31,72.0236482654914,22.048161727338,Velavadar Lek 1,2015-11-01,2015-05-01,2015-11-01,2.7664223909783763
32,72.0231376237168,22.0483712038818,Velavadar Lek 1,2015-11-01,2015-05-01,2015-11-01,4.598510606319342
33,72.0226686395745,22.0481694118839,Velavadar Lek 1,2015-11-01,2015-05-01,2015-11-01,6.100547371243204
34,72.0225327018745,22.048061319732,Velavadar Lek 1,2015-11-01,2015-05-01,2015-11-01,3.206975949488973
35,72.0234438133373,22.0483056219242,Velavadar Lek 1,2015-11-01,2015-05-01,2015-11-01,4.693079686469112
36,72.0215802989433,22.0484655871097,Velavadar Lek 1,2015-11-01,2015-05-01,2015-11-01,4.662879358823172
37,72.0229131149941,22.0478071624502,Velavadar Lek 1,2015-11-01,2015-05-01,2015-11-01,14.684447529650805
38,72.0228037559729,22.048591382119,Velavadar Lek 1,2015-11-01,2015-05-01,2015-11-01,4.81188637164788
40,72.0230371135934,22.0471025207943,Velavadar Lek 1,2015-11-01,2015-05-01,2015-11-01,7.789136984126754
41,72.0215630111934,22.047510010184,Velavadar Lek 1,2015-11-01,2015-05-01,2015-11-01,3.674798181682981
42,72.0214046066084,22.0478453219226,Velavadar Lek 1,2015-11-01,2015-05-01,2015-11-01,5.649978261682161
44,72.0222328975011,22.0481935842716,Velavadar Lek 1,2015-11-01,2015-05-01,2015-11-01,4.977562007824619
45,72.0222991422192,22.0486972326154,Velavadar Lek 1,2015-11-01,2015-05-01,2015-11-01,10.348697971401297
46,72.021730091789,22.047043173109,Velavadar Lek 1,2015-11-01,2015-05-01,2015-11-01,5.324240961732635
47,72.0213104671499,22.0471425966326,Velavadar Lek 1,2015-11-01,2015-05-01,2015-11-01,16.50875392559698
3,72.0229313232106,22.047362419672,Velavadar Lek 1,2016-01-01,2015-11-01,2016-01-01,4.565859621433972
4,72.0229603717072,22.0473960750338,Velavadar Lek 1,2016-01-01,2015-11-01,2016-01-01,8.002203596530904
5,72.0228721887713,22.0473681891632,Velavadar Lek 1,2016-01-01,2015-11-01,2016-01-01,1.6485120736122587
6,72.022701010131,22.0481143747023,Velavadar Lek 1,2016-01-01,2015-11-01,2016-01-01,6.955618866662714
7,72.0226709241882,22.0479941775554,Velavadar Lek 1,2016-01-01,2015-11-01,2016-01-01,9.324088130185599
8,72.0224603225884,22.0479182129058,Velavadar Lek 1,2016-01-01,2015-11-01,2016-01-01,16.576073425801823
9,72.0225796289134,22.0481374525429,Velavadar Lek 1,2016-01-01,2015-11-01,2016-01-01,9.730371774112081
10,72.0222932937334,22.0480759116264,Velavadar Lek 1,2016-01-01,2015-11-01,2016-01-01,3.2891800168556755
11,72.022053643637,22.0479749460024,Velavadar Lek 1,2016-01-01,2015-11-01,2016-01-01,10.826485215224043
18,72.0226253382791,22.0479058074566,Velavadar Lek 1,2016-01-01,2015-11-01,2016-01-01,2.1060748765934996
19,72.0224604303289,22.0477123587149,Velavadar Lek 1,2016-01-01,2015-11-01,2016-01-01,2.0739974762635285
20,72.0226781603569,22.0476765348448,Velavadar Lek 1,2016-01-01,2015-11-01,2016-01-01,1.5972999195815931
21,72.0228817186078,22.047947601903,Velavadar Lek 1,2016-01-01,2015-11-01,2016-01-01,1.1163717566646294
22,72.0229158597069,22.0477992315622,Velavadar Lek 1,2016-01-01,2015-11-01,2016-01-01,0.9234760448621134
23,72.0227941112593,22.0478222185266,Velavadar Lek 1,2016-01-01,2015-11-01,2016-01-01,2.0163442720580016
24,72.0228456449937,22.0476690715374,Velavadar Lek 1,2016-01-01,2015-11-01,2016-01-01,2.220035562054952
25,72.0231046020092,22.0478338612734,Velavadar Lek 1,2016-01-01,2015-11-01,2016-01-01,1.0850587651610808
26,72.0230179609182,22.0476233960875,Velavadar Lek 1,2016-01-01,2015-11-01,2016-01-01,1.5798503659690801
27,72.0225937738668,22.0474923403029,Velavadar Lek 1,2016-01-01,2015-11-01,2016-01-01,2.1493985921928984
28,72.0226639885799,22.0473263560371,Velavadar Lek 1,2016-01-01,2015-11-01,2016-01-01,3.058703709627205
29,72.0223580070318,22.0474571134426,Velavadar Lek 1,2016-01-01,2015-11-01,2016-01-01,8.798851825322973
30,72.0222739426275,22.0473803905047,Velavadar Lek 1,2016-01-01,2015-11-01,2016-01-01,3.614339101737562
31,72.0224253229724,22.0472409755655,Velavadar Lek 1,2016-01-01,2015-11-01,2016-01-01,3.6939265456747203
32,72.0221322248578,22.0472469462295,Velavadar Lek 1,2016-01-01,2015-11-01,2016-01-01,24.28002291494197
33,72.0230363198111,22.0470878279471,Velavadar Lek 1,2016-01-01,2015-11-01,2016-01-01,1.6302636774423211
34,72.0227857370275,22.0471732085111,Velavadar Lek 1,2016-01-01,2015-11-01,2016-01-01,2.7500295522490017
35,72.022482332166,22.0470633481955,Velavadar Lek 1,2016-01-01,2015-11-01,2016-01-01,4.294343156469619
36,72.0220810132092,22.0477341515648,Velavadar Lek 1,2016-01-01,2015-11-01,2016-01-01,1.8404782675704092
37,72.0221583138109,22.0479374518243,Velavadar Lek 1,2016-01-01,2015-11-01,2016-01-01,2.2327252681688954
38,72.0223022861814,22.0480371613896,Velavadar Lek 1,2016-01-01,2015-11-01,2016-01-01,1.1186317906719154
39,72.0216644756965,22.0479468555738,Velavadar Lek 1,2016-01-01,2015-11-01,2016-01-01,1.7279340893176383
40,72.0218921903855,22.0478128147689,Velavadar Lek 1,2016-01-01,2015-11-01,2016-01-01,20.931529656403878
41,72.0218915462138,22.0482071749924,Velavadar Lek 1,2016-01-01,2015-11-01,2016-01-01,20.484052974151563
42,72.0224531028761,22.0483828604761,Velavadar Lek 1,2016-01-01,2015-11-01,2016-01-01,30.94256538292582
43,72.0226183329121,22.0483353940712,Velavadar Lek 1,2016-01-01,2015-11-01,2016-01-01,15.815190149865549
44,72.0227558635658,22.0484243562509,Velavadar Lek 1,2016-01-01,2015-11-01,2016-01-01,19.158964443581198
45,72.0227925813516,22.0485685465105,Velavadar Lek 1,2016-01-01,2015-11-01,2016-01-01,2.7814252138989337
46,72.0232354493818,22.0480891058659,Velavadar Lek 1,2016-01-01,2015-11-01,2016-01-01,31.030152501142375
47,72.0230963082988,22.0481288105389,Velavadar Lek 1,2016-01-01,2015-11-01,2016-01-01,27.198003949241365
48,72.0229768144522,22.0480741792942,Velavadar Lek 1,2016-01-01,2015-11-01,2016-01-01,16.784227421979157
49,72.0229458942115,22.0482282214382,Velavadar Lek 1,2016-01-01,2015-11-01,2016-01-01,22.463332968525528
50,72.0231153113634,22.047970887375,Velavadar Lek 1,2016-01-01,2015-11-01,2016-01-01,14.56000402984634
51,72.0231301273121,22.0483524103314,Velavadar Lek 1,2016-01-01,2015-11-01,2016-01-01,2.2219479822958723
52,72.0234225812549,22.0482780761272,Velavadar Lek 1,2016-01-01,2015-11-01,2016-01-01,3.7588363650731123
53,72.0236341916519,22.048137169416002,Velavadar Lek 1,2016-01-01,2015-11-01,2016-01-01,3.0854371270085745
54,72.0236535168023,22.0478786410598,Velavadar Lek 1,2016-01-01,2015-11-01,2016-01-01,3.429886973852643
55,72.0224360323266,22.0481909050428,Velavadar Lek 1,2016-01-01,2015-11-01,2016-01-01,17.491276715939176
56,72.022519774645,22.0480428334886,Velavadar Lek 1,2016-01-01,2015-11-01,2016-01-01,2.445426080852834
57,72.0226672899598,22.0481455282926,Velavadar Lek 1,2016-01-01,2015-11-01,2016-01-01,2.650350685994206
58,72.0220720753272,22.0481183619418,Velavadar Lek 1,2016-01-01,2015-11-01,2016-01-01,1.7093630751735691
59,72.0219541919097,22.0479974566909,Velavadar Lek 1,2016-01-01,2015-11-01,2016-01-01,19.492980777528164
60,72.0222891611835,22.0477816181714,Velavadar Lek 1,2016-01-01,2015-11-01,2016-01-01,1.6992987788445757
61,72.0226846825952,22.0475547336188,Velavadar Lek 1,2016-01-01,2015-11-01,2016-01-01,10.303987446186063
62,72.0224502041035,22.0475821986103,Velavadar Lek 1,2016-01-01,2015-11-01,2016-01-01,16.263623393801236
63,72.0234618757274,22.0474723386122,Velavadar Lek 1,2016-01-01,2015-11-01,2016-01-01,2.2506370509117892
64,72.0232441456995,22.0473266545702,Velavadar Lek 1,2016-01-01,2015-11-01,2016-01-01,22.21691314703086
65,72.0234206487399,22.0471633569103,Velavadar Lek 1,2016-01-01,2015-11-01,2016-01-01,24.912265463781857
66,72.021887037012,22.0473146386153,Velavadar Lek 1,2016-01-01,2015-11-01,2016-01-01,4.498674059926569
67,72.0228610245926,22.0474731595772,Velavadar Lek 1,2016-01-01,2015-11-01,2016-01-01,2.3962310281559702
68,72.0231070981745,22.0474636065299,Velavadar Lek 1,2016-01-01,2015-11-01,2016-01-01,1.721229961828349
69,72.0231953496947,22.0475352543688,Velavadar Lek 1,2016-01-01,2015-11-01,2016-01-01,11.296084495338743
70,72.0222533520506,22.0469700937218,Velavadar Lek 1,2016-01-01,2015-11-01,2016-01-01,29.59631535834853
82,72.0213383244101,22.0476105075791,Velavadar Lek 1,2016-01-01,2015-11-01,2016-01-01,25.745095789116142
83,72.0215271396376,22.0474970410709,Velavadar Lek 1,2016-01-01,2015-11-01,2016-01-01,3.9747109331361257
87,72.0215437387784,22.0482038013134,Velavadar Lek 1,2016-01-01,2015-11-01,2016-01-01,29.2548752343785
88,72.021797913123,22.0483047667741,Velavadar Lek 1,2016-01-01,2015-11-01,2016-01-01,28.687915008114917
90,72.0220147394006,22.0485547761762,Velavadar Lek 1,2016-01-01,2015-11-01,2016-01-01,33.35309312787092
94,72.0222346780172,22.0483634228658,Velavadar Lek 1,2016-01-01,2015-11-01,2016-01-01,18.8217166204721
97,72.023297023033,22.047725897155,Velavadar Lek 1,2016-01-01,2015-11-01,2016-01-01,1.8176442176891314
98,72.0232741992143,22.0477383976868,Velavadar Lek 1,2016-01-01,2015-11-01,2016-01-01,1.242958004633689
99,72.0232949481404,22.0477662834844,Velavadar Lek 1,2016-01-01,2015-11-01,2016-01-01,3.171483372199809
0,72.0230437279206,22.047697343916,Velavadar Lek 1,2016-11-01,2016-01-01,2016-11-01,8.616092369434817
1,72.0231160479418,22.0478260430279,Velavadar Lek 1,2016-11-01,2016-01-01,2016-11-01,1.465875111865663
2,72.0231155035142,22.0478681878907,Velavadar Lek 1,2016-11-01,2016-01-01,2016-11-01,3.9671429499397832
3,72.0234435260064,22.0480900692634,Velavadar Lek 1,2016-11-01,2016-01-01,2016-11-01,20.376791285493226
4,72.0231469860454,22.0479658011055,Velavadar Lek 1,2016-11-01,2016-01-01,2016-11-01,3.32039049473293
5,72.0235808237154,22.0477344068294,Velavadar Lek 1,2016-11-01,2016-01-01,2016-11-01,17.659706788687775
6,72.0233571377016,22.0476942117029,Velavadar Lek 1,2016-11-01,2016-01-01,2016-11-01,7.134147174446345
7,72.0233020425294,22.0477525236583,Velavadar Lek 1,2016-11-01,2016-01-01,2016-11-01,1.691795848433641
8,72.0232106255942,22.047661836258,Velavadar Lek 1,2016-11-01,2016-01-01,2016-11-01,10.729169341912554
9,72.023197856777,22.0475523694301,Velavadar Lek 1,2016-11-01,2016-01-01,2016-11-01,1.9142219627656982
10,72.0232772097741,22.0474697360798,Velavadar Lek 1,2016-11-01,2016-01-01,2016-11-01,11.145861513929187
11,72.0235530822527,22.0473595983211,Velavadar Lek 1,2016-11-01,2016-01-01,2016-11-01,15.64813740112661
12,72.0231678700926,22.0474631776974,Velavadar Lek 1,2016-11-01,2016-01-01,2016-11-01,6.278338535944802
13,72.0231107380008,22.0474846293895,Velavadar Lek 1,2016-11-01,2016-01-01,2016-11-01,2.3598159957699862
14,72.0230276803705,22.0476414376375,Velavadar Lek 1,2016-11-01,2016-01-01,2016-11-01,2.2372629316418564
15,72.0229990763549,22.0478318762067,Velavadar Lek 1,2016-11-01,2016-01-01,2016-11-01,9.326959789129106
16,72.0228599257982,22.0477061513376,Velavadar Lek 1,2016-11-01,2016-01-01,2016-11-01,4.3658497285737665
17,72.0228467188156,22.0476948739412,Velavadar Lek 1,2016-11-01,2016-01-01,2016-11-01,2.8614663508158116
18,72.0229734819538,22.0476572695053,Velavadar Lek 1,2016-11-01,2016-01-01,2016-11-01,5.933310812156665
19,72.0230237346962,22.0475745928894,Velavadar Lek 1,2016-11-01,2016-01-01,2016-11-01,5.440960086309331
20,72.0232483372676,22.0473479278209,Velavadar Lek 1,2016-11-01,2016-01-01,2016-11-01,2.396851752620738
21,72.0231272813687,22.0473053027707,Velavadar Lek 1,2016-11-01,2016-01-01,2016-11-01,12.302582101962143
22,72.0230604428368,22.0472096577403,Velavadar Lek 1,2016-11-01,2016-01-01,2016-11-01,13.728748078376553
23,72.0229431776482,22.047406206328102,Velavadar Lek 1,2016-11-01,2016-01-01,2016-11-01,2.1013314554397327
24,72.0228577144619,22.0474920103821,Velavadar Lek 1,2016-11-01,2016-01-01,2016-11-01,2.116771797122982
25,72.0228721474023,22.0473258425376,Velavadar Lek 1,2016-11-01,2016-01-01,2016-11-01,4.692678848655979
26,72.0227427285516,22.0474362110062,Velavadar Lek 1,2016-11-01,2016-01-01,2016-11-01,12.888476207309868
27,72.022712072525,22.0475768624501,Velavadar Lek 1,2016-11-01,2016-01-01,2016-11-01,3.744310795013228
28,72.0226852196709,22.0475723944711,Velavadar Lek 1,2016-11-01,2016-01-01,2016-11-01,1.9578888399333758
29,72.0226857780132,22.0473216410144,Velavadar Lek 1,2016-11-01,2016-01-01,2016-11-01,2.310847267583829
30,72.0225581444868,22.0474119713147,Velavadar Lek 1,2016-11-01,2016-01-01,2016-11-01,9.63678813505849
31,72.0224694446291,22.0472766166897,Velavadar Lek 1,2016-11-01,2016-01-01,2016-11-01,6.031207133711602
32,72.0223825562798,22.0474422031649,Velavadar Lek 1,2016-11-01,2016-01-01,2016-11-01,3.026867602835756
33,72.0223667930984,22.0474824786842,Velavadar Lek 1,2016-11-01,2016-01-01,2016-11-01,2.953785686061867
34,72.0224587311549,22.0475711269714,Velavadar Lek 1,2016-11-01,2016-01-01,2016-11-01,1.5103995044652516
35,72.0224365643906,22.0475947405967,Velavadar Lek 1,2016-11-01,2016-01-01,2016-11-01,1.9791871595263928
36,72.0229827026538,22.0479021839949,Velavadar Lek 1,2016-11-01,2016-01-01,2016-11-01,11.5829427626589
37,72.023030471616,22.0479877578867,Velavadar Lek 1,2016-11-01,2016-01-01,2016-11-01,8.961672153226539
38,72.0232507106239,22.0482002569826,Velavadar Lek 1,2016-11-01,2016-01-01,2016-11-01,12.4177913531439
39,72.023105695831,22.0481520072404,Velavadar Lek 1,2016-11-01,2016-01-01,2016-11-01,2.7474141752820134
40,72.0229864655011,22.0481335840005,Velavadar Lek 1,2016-11-01,2016-01-01,2016-11-01,6.658055084389795
41,72.0229078406084,22.0479739914902,Velavadar Lek 1,2016-11-01,2016-01-01,2016-11-01,3.979236882254806
42,72.0227753503648,22.0483035104021,Velavadar Lek 1,2016-11-01,2016-01-01,2016-11-01,13.542102640582057
43,72.0227351297279,22.0482381824843,Velavadar Lek 1,2016-11-01,2016-01-01,2016-11-01,12.431359601617238
44,72.0229680762861,22.0480919108398,Velavadar Lek 1,2016-11-01,2016-01-01,2016-11-01,2.162373145403182
45,72.0228549653579,22.0480393443031,Velavadar Lek 1,2016-11-01,2016-01-01,2016-11-01,10.535486471966927
46,72.0227789142055,22.048054999972,Velavadar Lek 1,2016-11-01,2016-01-01,2016-11-01,10.395296500423573
47,72.0227021220661,22.0480443545607,Velavadar Lek 1,2016-11-01,2016-01-01,2016-11-01,6.426936432453636
48,72.0226798133502,22.0478126784964,Velavadar Lek 1,2016-11-01,2016-01-01,2016-11-01,11.754834545576985
49,72.0227767928088,22.0478354716675,Velavadar Lek 1,2016-11-01,2016-01-01,2016-11-01,2.31470866951594
50,72.0226470483418,22.0479030583241,Velavadar Lek 1,2016-11-01,2016-01-01,2016-11-01,2.2633894351432984
51,72.0225886050867,22.0478143678694,Velavadar Lek 1,2016-11-01,2016-01-01,2016-11-01,10.82022205441674
52,72.022527145996,22.0480297719907,Velavadar Lek 1,2016-11-01,2016-01-01,2016-11-01,1.6355195424628646
53,72.0225427925904,22.0480705054009,Velavadar Lek 1,2016-11-01,2016-01-01,2016-11-01,3.8804343704743505
54,72.0224443037552,22.0480045785971,Velavadar Lek 1,2016-11-01,2016-01-01,2016-11-01,8.874614803862222
55,72.0226509599865,22.0480085044932,Velavadar Lek 1,2016-11-01,2016-01-01,2016-11-01,2.6027424141448385
56,72.0227113994645,22.0477020907347,Velavadar Lek 1,2016-11-01,2016-01-01,2016-11-01,4.450996109849951
57,72.022623540661,22.0476250153371,Velavadar Lek 1,2016-11-01,2016-01-01,2016-11-01,8.027048177261937
58,72.0224587290445,22.0477303325283,Velavadar Lek 1,2016-11-01,2016-01-01,2016-11-01,1.9995231624253775
59,72.0224917644023,22.0477662634368,Velavadar Lek 1,2016-11-01,2016-01-01,2016-11-01,6.794188715815961
60,72.0223447168437,22.0477921363585,Velavadar Lek 1,2016-11-01,2016-01-01,2016-11-01,5.856436324054735
61,72.0223229707213,22.0476857760686,Velavadar Lek 1,2016-11-01,2016-01-01,2016-11-01,11.180399211324248
62,72.0221584715283,22.0479550820109,Velavadar Lek 1,2016-11-01,2016-01-01,2016-11-01,1.9537731008826016
63,72.0223603919092,22.0479398042108,Velavadar Lek 1,2016-11-01,2016-01-01,2016-11-01,10.59714557441784
64,72.0219528140248,22.0480159146048,Velavadar Lek 1,2016-11-01,2016-01-01,2016-11-01,2.0503778617936064
65,72.0222820437143,22.0476798194768,Velavadar Lek 1,2016-11-01,2016-01-01,2016-11-01,11.304850772227597
66,72.022261255732,22.0475892356175,Velavadar Lek 1,2016-11-01,2016-01-01,2016-11-01,17.727589293015384
67,72.0222174723409,22.0474731201507,Velavadar Lek 1,2016-11-01,2016-01-01,2016-11-01,11.816405953744347
68,72.0220606057294,22.04762917918,Velavadar Lek 1,2016-11-01,2016-01-01,2016-11-01,11.822109603597735
69,72.0220868748393,22.0477564589576,Velavadar Lek 1,2016-11-01,2016-01-01,2016-11-01,2.545101158340332
70,72.0220192494202,22.0477508935111,Velavadar Lek 1,2016-11-01,2016-01-01,2016-11-01,6.644872983573319
71,72.0219032518947,22.0478448355601,Velavadar Lek 1,2016-11-01,2016-01-01,2016-11-01,3.7278772262772994
72,72.0221487830019,22.0472716951598,Velavadar Lek 1,2016-11-01,2016-01-01,2016-11-01,3.232303002478747
73,72.0219636291702,22.0475462847936,Velavadar Lek 1,2016-11-01,2016-01-01,2016-11-01,24.092927817299486
74,72.0218785616874,22.0473310729644,Velavadar Lek 1,2016-11-01,2016-01-01,2016-11-01,2.0207255775303783
75,72.0217518797928,22.0473966865391,Velavadar Lek 1,2016-11-01,2016-01-01,2016-11-01,16.662093848561856
76,72.021646002796,22.0475514711398,Velavadar Lek 1,2016-11-01,2016-01-01,2016-11-01,13.680832435719143
77,72.0215625594894,22.0473688278758,Velavadar Lek 1,2016-11-01,2016-01-01,2016-11-01,14.671685526359806
78,72.0223917215219,22.0471519054782,Velavadar Lek 1,2016-11-01,2016-01-01,2016-11-01,10.462988057569394
79,72.0223273647277,22.0472452411525,Velavadar Lek 1,2016-11-01,2016-01-01,2016-11-01,10.13081844704205
80,72.0225179355146,22.0470983237517,Velavadar Lek 1,2016-11-01,2016-01-01,2016-11-01,5.343265416294891
81,72.0222585862389,22.0470060615232,Velavadar Lek 1,2016-11-01,2016-01-01,2016-11-01,4.022315469266504
82,72.0227539242343,22.0471244673263,Velavadar Lek 1,2016-11-01,2016-01-01,2016-11-01,6.322579181790182
83,72.0225833137269,22.0469284756946,Velavadar Lek 1,2016-11-01,2016-01-01,2016-11-01,18.22670223733215
85,72.0222342680758,22.0484680462473,Velavadar Lek 1,2016-11-01,2016-01-01,2016-11-01,11.594012390604698
86,72.0220766830483,22.0481337808024,Velavadar Lek 1,2016-11-01,2016-01-01,2016-11-01,1.773720895332906
87,72.022412277661,22.0482037608983,Velavadar Lek 1,2016-11-01,2016-01-01,2016-11-01,2.8375592739457036
88,72.0217837576913,22.0483297924221,Velavadar Lek 1,2016-11-01,2016-01-01,2016-11-01,3.1351750004137915
89,72.0218972313965,22.0482253102397,Velavadar Lek 1,2016-11-01,2016-01-01,2016-11-01,2.0937362165093827
90,72.0216793522526,22.0479716166167,Velavadar Lek 1,2016-11-01,2016-01-01,2016-11-01,3.1449942310276326
91,72.0216462192685,22.0478257714906,Velavadar Lek 1,2016-11-01,2016-01-01,2016-11-01,13.549946567743465
92,72.0214200219177,22.0480094020629,Velavadar Lek 1,2016-11-01,2016-01-01,2016-11-01,25.04853361114133
93,72.0212460460359,22.0476120880822,Velavadar Lek 1,2016-11-01,2016-01-01,2016-11-01,9.534605762077081
94,72.0217659078843,22.0475217811097,Velavadar Lek 1,2016-11-01,2016-01-01,2016-11-01,24.818320743760644
95,72.0220255588793,22.0474946554927,Velavadar Lek 1,2016-11-01,2016-01-01,2016-11-01,24.55068851637125
98,72.0213176683922,22.0473793810775,Velavadar Lek 1,2016-11-01,2016-01-01,2016-11-01,19.57545980417238
99,72.0220547310321,22.047064728638,Velavadar Lek 1,2016-11-01,2016-01-01,2016-11-01,21.72169802751685
100,72.0216145485487,22.0478224801382,Velavadar Lek 1,2016-11-01,2016-01-01,2016-11-01,14.716252779453546
101,72.0223082619783,22.0480524455413,Velavadar Lek 1,2016-11-01,2016-01-01,2016-11-01,1.8027252977409352
0,72.0229846776601,22.0483302897616,Velavadar Lek 1,2018-10-01,2016-11-01,2018-10-01,21.79889676430901
1,72.0233057607168,22.0482154526011,Velavadar Lek 1,2018-10-01,2016-11-01,2018-10-01,5.931088713417718
3,72.0232841963218,22.0479437534597,Velavadar Lek 1,2018-10-01,2016-11-01,2018-10-01,14.383741425612314
4,72.0230704165745,22.0481315267726,Velavadar Lek 1,2018-10-01,2016-11-01,2018-10-01,4.2934623142613315
5,72.0233079759683,22.0477411829838,Velavadar Lek 1,2018-10-01,2016-11-01,2018-10-01,1.3982435344216184
6,72.0232384725393,22.0474239481002,Velavadar Lek 1,2018-10-01,2016-11-01,2018-10-01,6.462228299116236
7,72.023065619871,22.0472101892763,Velavadar Lek 1,2018-10-01,2016-11-01,2018-10-01,0.5380581853485082
8,72.0228987915296,22.0470352372985,Velavadar Lek 1,2018-10-01,2016-11-01,2018-10-01,17.937412700866776
9,72.0227908899025,22.0471978709066,Velavadar Lek 1,2018-10-01,2016-11-01,2018-10-01,8.986093712296563
10,72.0229265620097,22.0475487432378,Velavadar Lek 1,2018-10-01,2016-11-01,2018-10-01,9.492718089782482
11,72.0228790827848,22.0474911210984,Velavadar Lek 1,2018-10-01,2016-11-01,2018-10-01,2.2096938613573665
12,72.0227439204206,22.0474353590896,Velavadar Lek 1,2018-10-01,2016-11-01,2018-10-01,0.15515495205852145
13,72.0226944871176,22.0473789639217,Velavadar Lek 1,2018-10-01,2016-11-01,2018-10-01,6.415686389547966
14,72.022687896582,22.0473303016154,Velavadar Lek 1,2018-10-01,2016-11-01,2018-10-01,0.9843710647988463
15,72.0228581965214,22.0477015262446,Velavadar Lek 1,2018-10-01,2016-11-01,2018-10-01,0.5427753359776132
16,72.022632358299,22.0475451970017,Velavadar Lek 1,2018-10-01,2016-11-01,2018-10-01,6.237432026258601
17,72.0228355785676,22.047963244355,Velavadar Lek 1,2018-10-01,2016-11-01,2018-10-01,7.559545215876279
18,72.0228189631207,22.0478823815953,Velavadar Lek 1,2018-10-01,2016-11-01,2018-10-01,6.782465987414615
19,72.022770717122,22.047877240862,Velavadar Lek 1,2018-10-01,2016-11-01,2018-10-01,4.671050997973361
20,72.0228017187419,22.0478271047954,Velavadar Lek 1,2018-10-01,2016-11-01,2018-10-01,2.7368538191253737
21,72.0226328655009,22.0479361386823,Velavadar Lek 1,2018-10-01,2016-11-01,2018-10-01,3.947791188140207
22,72.0225969548221,22.0479702597081,Velavadar Lek 1,2018-10-01,2016-11-01,2018-10-01,7.006280040784418
23,72.0225803215953,22.0479257419939,Velavadar Lek 1,2018-10-01,2016-11-01,2018-10-01,7.33733777848883
24,72.0225408895229,22.0480255229261,Velavadar Lek 1,2018-10-01,2016-11-01,2018-10-01,1.4958389283523585
25,72.0224682973842,22.0479415444771,Velavadar Lek 1,2018-10-01,2016-11-01,2018-10-01,7.411930722320725
26,72.0225354161027,22.0478945704478,Velavadar Lek 1,2018-10-01,2016-11-01,2018-10-01,10.449120271932427
27,72.0225117552621,22.0481949752314,Velavadar Lek 1,2018-10-01,2016-11-01,2018-10-01,10.322690136812747
28,72.0223022564146,22.0481986839477,Velavadar Lek 1,2018-10-01,2016-11-01,2018-10-01,11.37981803983926
29,72.0222397674937,22.0483107954583,Velavadar Lek 1,2018-10-01,2016-11-01,2018-10-01,17.435147555823615
30,72.0221637202954,22.0481284807608,Velavadar Lek 1,2018-10-01,2016-11-01,2018-10-01,9.010675227575781
31,72.0222088797331,22.0480654538596,Velavadar Lek 1,2018-10-01,2016-11-01,2018-10-01,10.36754196969072
32,72.0222952547126,22.0480488053741,Velavadar Lek 1,2018-10-01,2016-11-01,2018-10-01,1.4029781681341198
33,72.0223692510153,22.0479880751907,Velavadar Lek 1,2018-10-01,2016-11-01,2018-10-01,5.426919037901129
34,72.022153488871,22.0479609418091,Velavadar Lek 1,2018-10-01,2016-11-01,2018-10-01,0.8286288372159986
35,72.0225758711387,22.0477944541788,Velavadar Lek 1,2018-10-01,2016-11-01,2018-10-01,2.569105791023005
36,72.0226509763845,22.0477024206679,Velavadar Lek 1,2018-10-01,2016-11-01,2018-10-01,6.242220105048587
37,72.0226884484652,22.0478033497115,Velavadar Lek 1,2018-10-01,2016-11-01,2018-10-01,1.3654580971041266
38,72.0224438866617,22.0475882977115,Velavadar Lek 1,2018-10-01,2016-11-01,2018-10-01,1.0401738724786782
39,72.0224998330511,22.0477881464552,Velavadar Lek 1,2018-10-01,2016-11-01,2018-10-01,2.564245513193729
40,72.0224967909104,22.0477458659468,Velavadar Lek 1,2018-10-01,2016-11-01,2018-10-01,2.319244916406311
41,72.0224634906817,22.0477586879311,Velavadar Lek 1,2018-10-01,2016-11-01,2018-10-01,3.039110857302096
42,72.0223133719472,22.0478010943686,Velavadar Lek 1,2018-10-01,2016-11-01,2018-10-01,3.3868828088916194
43,72.0222546354621,22.0479105766638,Velavadar Lek 1,2018-10-01,2016-11-01,2018-10-01,11.091230791768538
44,72.022277629755,22.0476828681648,Velavadar Lek 1,2018-10-01,2016-11-01,2018-10-01,0.5675092311102689
45,72.0221233919844,22.0477551667993,Velavadar Lek 1,2018-10-01,2016-11-01,2018-10-01,3.7751850592101315
46,72.0221677629241,22.0476321160917,Velavadar Lek 1,2018-10-01,2016-11-01,2018-10-01,10.764089086962898
47,72.0219963603086,22.0478249825163,Velavadar Lek 1,2018-10-01,2016-11-01,2018-10-01,8.543968361835573
48,72.0219645193723,22.0476278413859,Velavadar Lek 1,2018-10-01,2016-11-01,2018-10-01,9.038236856311489
49,72.0218082134806,22.0477729901894,Velavadar Lek 1,2018-10-01,2016-11-01,2018-10-01,12.64051234842506
50,72.0220744672756,22.0481520673863,Velavadar Lek 1,2018-10-01,2016-11-01,2018-10-01,2.0393319056034662
51,72.0218761803119,22.0480955287254,Velavadar Lek 1,2018-10-01,2016-11-01,2018-10-01,11.853772447437878
52,72.0217518540849,22.04768439867,Velavadar Lek 1,2018-10-01,2016-11-01,2018-10-01,18.079008506000548
53,72.0216520608372,22.0475459915607,Velavadar Lek 1,2018-10-01,2016-11-01,2018-10-01,0.8720062480300156
54,72.0225822760935,22.0474938548131,Velavadar Lek 1,2018-10-01,2016-11-01,2018-10-01,9.410216540356844
55,72.0221525160002,22.047434207195,Velavadar Lek 1,2018-10-01,2016-11-01,2018-10-01,7.97652205672018
56,72.02228045381,22.0475962251419,Velavadar Lek 1,2018-10-01,2016-11-01,2018-10-01,2.1291739147253397
57,72.022326382298,22.047226555747,Velavadar Lek 1,2018-10-01,2016-11-01,2018-10-01,2.073125585826
58,72.0221470036496,22.047273280188,Velavadar Lek 1,2018-10-01,2016-11-01,2018-10-01,0.25424661305684165
59,72.0218479731066,22.0470909419796,Velavadar Lek 1,2018-10-01,2016-11-01,2018-10-01,19.59479243020135
60,72.0223319709625,22.046915113804,Velavadar Lek 1,2018-10-01,2016-11-01,2018-10-01,12.611482583886323
62,72.0225235519345,22.0471024963618,Velavadar Lek 1,2018-10-01,2016-11-01,2018-10-01,0.7419280621565295
0,72.0218187414787,22.0477713396476,Velavadar Lek 1,2018-11-01,2018-10-01,2018-11-01,1.1028862928463499
1,72.0216427551243,22.0475391195515,Velavadar Lek 1,2018-11-01,2018-10-01,2018-11-01,1.2264213742131034
2,72.0219680913639,22.0476279655745,Velavadar Lek 1,2018-11-01,2018-10-01,2018-11-01,0.36926783868216123
3,72.0218602728702,22.0473527638302,Velavadar Lek 1,2018-11-01,2018-10-01,2018-11-01,29.041841653953185
5,72.0220865019035,22.0470286438909,Velavadar Lek 1,2018-11-01,2018-10-01,2018-11-01,25.590554961284422
9,72.022572054284,22.0469135757183,Velavadar Lek 1,2018-11-01,2018-10-01,2018-11-01,21.526674894957672
10,72.0229105857632,22.0470334270744,Velavadar Lek 1,2018-11-01,2018-10-01,2018-11-01,1.2348326982557163
11,72.0232526434681,22.0474250646001,Velavadar Lek 1,2018-11-01,2018-10-01,2018-11-01,1.4691740820243824
12,72.0230814150486,22.0472089547403,Velavadar Lek 1,2018-11-01,2018-10-01,2018-11-01,1.6374787545954217
13,72.0227957950539,22.0471964754197,Velavadar Lek 1,2018-11-01,2018-10-01,2018-11-01,0.5298081237454053
14,72.0224993392686,22.0470961043764,Velavadar Lek 1,2018-11-01,2018-10-01,2018-11-01,2.5997026645454357
15,72.0229458016484,22.0474114495448,Velavadar Lek 1,2018-11-01,2018-10-01,2018-11-01,11.200704938702355
17,72.0233224930071,22.0477386117527,Velavadar Lek 1,2018-11-01,2018-10-01,2018-11-01,1.5265348067585525
18,72.0229576016362,22.0483476900971,Velavadar Lek 1,2018-11-01,2018-10-01,2018-11-01,3.3973490712287653
19,72.0232946950425,22.0482118255317,Velavadar Lek 1,2018-11-01,2018-10-01,2018-11-01,1.2117569720878894
23,72.0222699691111,22.0483099210902,Velavadar Lek 1,2018-11-01,2018-10-01,2018-11-01,3.1215233034325154
24,72.0225223096126,22.0481907476533,Velavadar Lek 1,2018-11-01,2018-10-01,2018-11-01,1.1867183405748776
25,72.0219029012519,22.0480963678223,Velavadar Lek 1,2018-11-01,2018-10-01,2018-11-01,2.7620136299488984
27,72.0220974324069,22.0481507064162,Velavadar Lek 1,2018-11-01,2018-10-01,2018-11-01,2.3772359764144024
28,72.0223228601015,22.0481949590577,Velavadar Lek 1,2018-11-01,2018-10-01,2018-11-01,2.168148828017769
29,72.0228638637104,22.0479661539321,Velavadar Lek 1,2018-11-01,2018-10-01,2018-11-01,2.9397758629600372
30,72.0227703967714,22.0479089404075,Velavadar Lek 1,2018-11-01,2018-10-01,2018-11-01,3.512968143309476
31,72.0221845064699,22.0481245113242,Velavadar Lek 1,2018-11-01,2018-10-01,2018-11-01,2.1919375709706483
32,72.0222300619048,22.048065994941,Velavadar Lek 1,2018-11-01,2018-10-01,2018-11-01,2.189078195754333
33,72.0223867061374,22.0479861601814,Velavadar Lek 1,2018-11-01,2018-10-01,2018-11-01,1.815673294975242
34,72.0223154416503,22.048043242982,Velavadar Lek 1,2018-11-01,2018-10-01,2018-11-01,2.1746315952665922
35,72.0228892437137,22.0477020209073,Velavadar Lek 1,2018-11-01,2018-10-01,2018-11-01,3.2078529714303934
36,72.0228377844581,22.0478255435403,Velavadar Lek 1,2018-11-01,2018-10-01,2018-11-01,3.729843676812282
37,72.022904154181,22.0474899357427,Velavadar Lek 1,2018-11-01,2018-10-01,2018-11-01,2.593377087600127
38,72.0226810411161,22.047704407333,Velavadar Lek 1,2018-11-01,2018-10-01,2018-11-01,3.1136830098823567
39,72.0225582793692,22.0478925178728,Velavadar Lek 1,2018-11-01,2018-10-01,2018-11-01,2.3728542332011195
40,72.0227537703894,22.0480665878173,Velavadar Lek 1,2018-11-01,2018-10-01,2018-11-01,14.232893342152614
41,72.0229856694012,22.0483266027906,Velavadar Lek 1,2018-11-01,2018-10-01,2018-11-01,0.4212244054820923
42,72.0225245263676,22.0477459115268,Velavadar Lek 1,2018-11-01,2018-10-01,2018-11-01,2.865264361096879
43,72.0224941684526,22.0477326305815,Velavadar Lek 1,2018-11-01,2018-10-01,2018-11-01,1.4914998698209625
44,72.0225133244494,22.0477193458196,Velavadar Lek 1,2018-11-01,2018-10-01,2018-11-01,3.3991469528019227
45,72.0226598455669,22.0479355865406,Velavadar Lek 1,2018-11-01,2018-10-01,2018-11-01,2.787890381975372
46,72.0224870103409,22.0479402820398,Velavadar Lek 1,2018-11-01,2018-10-01,2018-11-01,1.9382275143888954
47,72.022177999391,22.0479611214788,Velavadar Lek 1,2018-11-01,2018-10-01,2018-11-01,2.532177258136729
48,72.0222779219775,22.0479118448493,Velavadar Lek 1,2018-11-01,2018-10-01,2018-11-01,2.409753303247404
49,72.0223313181915,22.0478035818167,Velavadar Lek 1,2018-11-01,2018-10-01,2018-11-01,1.8743474727555902
50,72.0220183583709,22.0478218074656,Velavadar Lek 1,2018-11-01,2018-10-01,2018-11-01,2.2996238637380997
51,72.0221365009954,22.0479165664988,Velavadar Lek 1,2018-11-01,2018-10-01,2018-11-01,5.221263991717047
52,72.0221386618007,22.0477504565451,Velavadar Lek 1,2018-11-01,2018-10-01,2018-11-01,1.661590410282698
53,72.0221820772567,22.0476297340983,Velavadar Lek 1,2018-11-01,2018-10-01,2018-11-01,1.5021429181091044
54,72.0222983798958,22.0476807393463,Velavadar Lek 1,2018-11-01,2018-10-01,2018-11-01,2.1565726555427505
55,72.0224627216522,22.0475862352185,Velavadar Lek 1,2018-11-01,2018-10-01,2018-11-01,1.959161365280673
56,72.0225941198241,22.0474911372186,Velavadar Lek 1,2018-11-01,2018-10-01,2018-11-01,1.2600561809848838
57,72.0222904438481,22.0475953852472,Velavadar Lek 1,2018-11-01,2018-10-01,2018-11-01,1.0362280229096228
58,72.0225515205456,22.0480281892433,Velavadar Lek 1,2018-11-01,2018-10-01,2018-11-01,1.1373060030433753
59,72.0226781375077,22.0480193896751,Velavadar Lek 1,2018-11-01,2018-10-01,2018-11-01,9.998903594532619
60,72.0221538148093,22.0474297472393,Velavadar Lek 1,2018-11-01,2018-10-01,2018-11-01,0.5121235093536489
61,72.0227097843666,22.047383197664,Velavadar Lek 1,2018-11-01,2018-10-01,2018-11-01,1.6484857701501898
62,72.0224640117282,22.0472690343638,Velavadar Lek 1,2018-11-01,2018-10-01,2018-11-01,14.97708567265136
63,72.0223123512536,22.0472168756313,Velavadar Lek 1,2018-11-01,2018-10-01,2018-11-01,1.803268982250494
64,72.022135100042,22.0472676143307,Velavadar Lek 1,2018-11-01,2018-10-01,2018-11-01,1.3807413780226405
65,72.0219779056828,22.0472410358411,Velavadar Lek 1,2018-11-01,2018-10-01,2018-11-01,17.830720205594194
66,72.0224242320722,22.0474505312276,Velavadar Lek 1,2018-11-01,2018-10-01,2018-11-01,15.401146406548815
67,72.0225661241498,22.0473983234445,Velavadar Lek 1,2018-11-01,2018-10-01,2018-11-01,10.717086260755673
68,72.0227226655878,22.0474764759399,Velavadar Lek 1,2018-11-01,2018-10-01,2018-11-01,5.057883381978016
69,72.0227560888387,22.0474325723945,Velavadar Lek 1,2018-11-01,2018-10-01,2018-11-01,1.2944571722626521
70,72.0220710523342,22.0475428516157,Velavadar Lek 1,2018-11-01,2018-10-01,2018-11-01,14.05943315418711
71,72.0223600922912,22.0471188507352,Velavadar Lek 1,2018-11-01,2018-10-01,2018-11-01,12.433104752757194
72,72.0226873081045,22.0473451167605,Velavadar Lek 1,2018-11-01,2018-10-01,2018-11-01,1.642878199309076
73,72.0225799633989,22.0476774034675,Velavadar Lek 1,2018-11-01,2018-10-01,2018-11-01,7.842471708232007
74,72.0226022751814,22.0477889948701,Velavadar Lek 1,2018-11-01,2018-10-01,2018-11-01,2.793998250341752
75,72.0218275487587,22.0473409716867,Velavadar Lek 1,2018-11-01,2018-10-01,2018-11-01,27.78749840251739
76,72.0217289182695,22.0473865677056,Velavadar Lek 1,2018-11-01,2018-10-01,2018-11-01,19.368909976768215
79,72.0216857580474,22.0477999206252,Velavadar Lek 1,2018-11-01,2018-10-01,2018-11-01,12.997720368966853
80,72.0228180954879,22.0478097157214,Velavadar Lek 1,2018-11-01,2018-10-01,2018-11-01,2.564283597543522
81,72.0227199741928,22.0478036140697,Velavadar Lek 1,2018-11-01,2018-10-01,2018-11-01,3.256950354690318
0,72.0227192225111,22.0474653684817,Velavadar Lek 1,2021-03-01,2018-11-01,2021-03-01,1.2812453603008107
3,72.0233155257353,22.0477837345463,Velavadar Lek 1,2021-03-01,2018-11-01,2021-03-01,5.051856124708852
4,72.0231327789641,22.0479722647571,Velavadar Lek 1,2021-03-01,2018-11-01,2021-03-01,27.788958355381737
6,72.0227346919846,22.0482403340203,Velavadar Lek 1,2021-03-01,2018-11-01,2021-03-01,19.354449050045396
8,72.0230784075296,22.0471961052476,Velavadar Lek 1,2021-03-01,2018-11-01,2021-03-01,1.4574297951693582
9,72.0228576718524,22.0476726737754,Velavadar Lek 1,2021-03-01,2018-11-01,2021-03-01,4.605896168696576
10,72.02283376473,22.0479555916442,Velavadar Lek 1,2021-03-01,2018-11-01,2021-03-01,3.3224244671767704
11,72.0231240304056,22.047427668168,Velavadar Lek 1,2021-03-01,2018-11-01,2021-03-01,13.289752356894857
12,72.0223980650649,22.0479620555468,Velavadar Lek 1,2021-03-01,2018-11-01,2021-03-01,2.9175629918357293
13,72.0225231465877,22.0481735999284,Velavadar Lek 1,2021-03-01,2018-11-01,2021-03-01,1.9022063838209344
16,72.0227631146392,22.0484773005119,Velavadar Lek 1,2021-03-01,2018-11-01,2021-03-01,20.675538238475028
18,72.0222437288963,22.0483643705094,Velavadar Lek 1,2021-03-01,2018-11-01,2021-03-01,6.614818056915723
19,72.0220866773246,22.0481390687252,Velavadar Lek 1,2021-03-01,2018-11-01,2021-03-01,1.702248841335504
21,72.0218900799042,22.0480821603768,Velavadar Lek 1,2021-03-01,2018-11-01,2021-03-01,2.0574616935308785
22,72.022147044555,22.0479329382506,Velavadar Lek 1,2021-03-01,2018-11-01,2021-03-01,2.116106084192101
23,72.022025013189,22.0478146995454,Velavadar Lek 1,2021-03-01,2018-11-01,2021-03-01,1.0454971395583417
35,72.022892802314,22.04704141228,Velavadar Lek 1,2021-03-01,2018-11-01,2021-03-01,2.039161175321962
36,72.0225926949495,22.0469276364278,Velavadar Lek 1,2021-03-01,2018-11-01,2021-03-01,2.6409603137126414
37,72.0224176986469,22.0468924315277,Velavadar Lek 1,2021-03-01,2018-11-01,2021-03-01,11.052795487045179
38,72.0228093150775,22.0471977794922,Velavadar Lek 1,2021-03-01,2018-11-01,2021-03-01,1.404170862006743
39,72.022277494263,22.0469996128922,Velavadar Lek 1,2021-03-01,2018-11-01,2021-03-01,10.717889836832262
40,72.0225765615369,22.047110533006,Velavadar Lek 1,2021-03-01,2018-11-01,2021-03-01,8.1362723771025
41,72.0229872770027,22.0475825888693,Velavadar Lek 1,2021-03-01,2018-11-01,2021-03-01,13.3850469160039
42,72.0226997166867,22.0473307806817,Velavadar Lek 1,2021-03-01,2018-11-01,2021-03-01,2.0413494674781014
43,72.0225641330613,22.0476378290275,Velavadar Lek 1,2021-03-01,2018-11-01,2021-03-01,4.680477848939225
44,72.0224650948258,22.0477454663282,Velavadar Lek 1,2021-03-01,2018-11-01,2021-03-01,3.3232904523566384
45,72.0223122765485,22.0477986548916,Velavadar Lek 1,2021-03-01,2018-11-01,2021-03-01,2.041493422196269
46,72.0221385969755,22.0477441978855,Velavadar Lek 1,2021-03-01,2018-11-01,2021-03-01,0.693591382930391
47,72.0216789135793,22.0479511968996,Velavadar Lek 1,2021-03-01,2018-11-01,2021-03-01,16.77872934112558
48,72.0216170637741,22.0478218817042,Velavadar Lek 1,2021-03-01,2018-11-01,2021-03-01,7.502272430273298
49,72.0218064398134,22.0477742643503,Velavadar Lek 1,2021-03-01,2018-11-01,2021-03-01,1.3115225779208854
50,72.0218901785986,22.0478054767783,Velavadar Lek 1,2021-03-01,2018-11-01,2021-03-01,8.293015599931469
51,72.0219665158281,22.047627166527,Velavadar Lek 1,2021-03-01,2018-11-01,2021-03-01,0.18529064326419922
52,72.0224524556424,22.0475780645276,Velavadar Lek 1,2021-03-01,2018-11-01,2021-03-01,1.3944858200675425
53,72.0222922391489,22.0475988104494,Velavadar Lek 1,2021-03-01,2018-11-01,2021-03-01,0.4224558734226739
54,72.0225662040717,22.0473990951382,Velavadar Lek 1,2021-03-01,2018-11-01,2021-03-01,0.08591356072167118
55,72.0224349409193,22.0474465808658,Velavadar Lek 1,2021-03-01,2018-11-01,2021-03-01,1.189761657266065
56,72.022329383264,22.0472287066056,Velavadar Lek 1,2021-03-01,2018-11-01,2021-03-01,2.194269388842405
57,72.0221422270782,22.047278789936,Velavadar Lek 1,2021-03-01,2018-11-01,2021-03-01,1.4407704765012974
58,72.0222818364219,22.0474038217057,Velavadar Lek 1,2021-03-01,2018-11-01,2021-03-01,13.53397788680122
59,72.0220234454495,22.047492654153,Velavadar Lek 1,2021-03-01,2018-11-01,2021-03-01,7.42504606022491
60,72.0218227920557,22.0473366377572,Velavadar Lek 1,2021-03-01,2018-11-01,2021-03-01,0.6871192792108276
61,72.0218922328183,22.0472982048041,Velavadar Lek 1,2021-03-01,2018-11-01,2021-03-01,6.888786574123644
63,72.0217448294482,22.0473992621033,Velavadar Lek 1,2021-03-01,2018-11-01,2021-03-01,2.1635142766291096
66,72.0216368739361,22.0475433914762,Velavadar Lek 1,2021-03-01,2018-11-01,2021-03-01,0.7702231026762903
0,72.0224692129169,22.0477547453907,Velavadar Lek 1,2021-12-01,2021-03-01,2021-12-01,1.1127990857977308
1,72.0226052008786,22.0475546287505,Velavadar Lek 1,2021-12-01,2021-03-01,2021-12-01,10.14920200487914
2,72.0226893282406,22.0476941468389,Velavadar Lek 1,2021-12-01,2021-03-01,2021-12-01,14.360525055291037
3,72.0228391583814,22.0477161701279,Velavadar Lek 1,2021-12-01,2021-03-01,2021-12-01,5.185666004241836
4,72.0229089725854,22.0474849056829,Velavadar Lek 1,2021-12-01,2021-03-01,2021-12-01,13.513525874160797
6,72.0234764202727,22.0474869471051,Velavadar Lek 1,2021-12-01,2021-03-01,2021-12-01,0.9256127523568061
7,72.0230767247425,22.047202131288,Velavadar Lek 1,2021-12-01,2021-03-01,2021-12-01,0.6900381385468571
8,72.023473195321,22.0472206538356,Velavadar Lek 1,2021-12-01,2021-03-01,2021-12-01,0.27754225045445813
9,72.0231408118129,22.047992055282,Velavadar Lek 1,2021-12-01,2021-03-01,2021-12-01,2.3448552520247326
10,72.0228479569837,22.0479714254896,Velavadar Lek 1,2021-12-01,2021-03-01,2021-12-01,2.2865628539855676
11,72.0221513701202,22.0479372969779,Velavadar Lek 1,2021-12-01,2021-03-01,2021-12-01,0.6580184561240627
12,72.0224048369729,22.0479729080422,Velavadar Lek 1,2021-12-01,2021-03-01,2021-12-01,1.3913059938646926
13,72.0221153528328,22.0476237430456,Velavadar Lek 1,2021-12-01,2021-03-01,2021-12-01,13.562580419489555
14,72.0221994733748,22.0474564118593,Velavadar Lek 1,2021-12-01,2021-03-01,2021-12-01,10.313155116688785
15,72.0218218746379,22.0477585340277,Velavadar Lek 1,2021-12-01,2021-03-01,2021-12-01,2.3624445297899217
16,72.0224402523772,22.0474417413442,Velavadar Lek 1,2021-12-01,2021-03-01,2021-12-01,0.7672656635875259
17,72.0225090942432,22.0470966043194,Velavadar Lek 1,2021-12-01,2021-03-01,2021-12-01,7.13872359680272
18,72.0226994565803,22.0473287063868,Velavadar Lek 1,2021-12-01,2021-03-01,2021-12-01,0.23143001225885884
20,72.021916284911,22.048240761683,Velavadar Lek 1,2021-12-01,2021-03-01,2021-12-01,17.782819559014378
21,72.0216836534307,22.047953933502,Velavadar Lek 1,2021-12-01,2021-03-01,2021-12-01,0.5759612284698113
22,72.0231318510453,22.0474354710852,Velavadar Lek 1,2021-12-01,2021-03-01,2021-12-01,1.1833967470957507
23,72.023261838315,22.0473367384305,Velavadar Lek 1,2021-12-01,2021-03-01,2021-12-01,17.44171111315096
25,72.0220355606415,22.0470514091161,Velavadar Lek 1,2021-12-01,2021-03-01,2021-12-01,25.644128868831267
26,72.0221086862839,22.0470318838887,Velavadar Lek 1,2021-12-01,2021-03-01,2021-12-01,17.80199133145537
28,72.0218830244838,22.0467188383904,Velavadar Lek 1,2021-12-01,2021-03-01,2021-12-01,0.40421390051372474
31,72.0234227769741,22.0469291004326,Velavadar Lek 1,2021-12-01,2021-03-01,2021-12-01,16.24379324888125
0,72.0225262109157,22.0471060079126,Velavadar Lek 1,2022-12-01,2021-12-01,2022-12-01,2.0524871939375715
1,72.0228092020428,22.0471949413916,Velavadar Lek 1,2022-12-01,2021-12-01,2022-12-01,18.6619454335269
2,72.0223217609597,22.0472354680217,Velavadar Lek 1,2022-12-01,2021-12-01,2022-12-01,24.725160533426163
3,72.022154152481,22.0472733679153,Velavadar Lek 1,2022-12-01,2021-12-01,2022-12-01,20.81751102352976
4,72.0233112177762,22.0477807001666,Velavadar Lek 1,2022-12-01,2021-12-01,2022-12-01,29.299642621285834
5,72.0231294394985,22.0474260931261,Velavadar Lek 1,2022-12-01,2021-12-01,2022-12-01,1.0686704984514386
6,72.0218565867035,22.0470711099498,Velavadar Lek 1,2022-12-01,2021-12-01,2022-12-01,18.617757896774485
7,72.0223314773933,22.0469106917846,Velavadar Lek 1,2022-12-01,2021-12-01,2022-12-01,26.647690919129385
9,72.0239480383694,22.0474587267371,Velavadar Lek 1,2022-12-01,2021-12-01,2022-12-01,0.90097682825416
10,72.0234813294825,22.0474848042513,Velavadar Lek 1,2022-12-01,2021-12-01,2022-12-01,0.5599950547323712
0,72.0225862861581,22.0469407059934,Velavadar Lek 1,2024-05-01,2022-12-01,2024-05-01,19.340861049458326
1,72.0230650074267,22.0472086415993,Velavadar Lek 1,2024-05-01,2022-12-01,2024-05-01,24.99949759321131
3,72.0238537521063,22.0471443500229,Velavadar Lek 1,2024-05-01,2022-12-01,2024-05-01,36.173949279559004
1,72.0358978515798,22.0528774687645,Velavadar Lek 2,2015-05-01,2014-02-01,2015-05-01,32.01439588055162
2,72.0363101214552,22.0526744741265,Velavadar Lek 2,2015-05-01,2014-02-01,2015-05-01,75.30319400151905
3,72.0358746613993,22.0519007036577,Velavadar Lek 2,2015-05-01,2014-02-01,2015-05-01,1.5683350531796953
4,72.0363796919967,22.0516738257116,Velavadar Lek 2,2015-05-01,2014-02-01,2015-05-01,30.0344785865466
6,72.0364776060921,22.0512988792556,Velavadar Lek 2,2015-05-01,2014-02-01,2015-05-01,54.97598304157992
7,72.0358488945321,22.0512941028612,Velavadar Lek 2,2015-05-01,2014-02-01,2015-05-01,52.29705524791078
8,72.0354830050177,22.0509382610258,Velavadar Lek 2,2015-05-01,2014-02-01,2015-05-01,2.384511494255199
9,72.0359339251939,22.0508833323406,Velavadar Lek 2,2015-05-01,2014-02-01,2015-05-01,46.06674319685573
10,72.0344214100886,22.0501465694358,Velavadar Lek 2,2015-05-01,2014-02-01,2015-05-01,2.450699866426392
11,72.0340709806945,22.0507340695013,Velavadar Lek 2,2015-05-01,2014-02-01,2015-05-01,62.791524207609086
12,72.0352536798995,22.0507531751535,Velavadar Lek 2,2015-05-01,2014-02-01,2015-05-01,33.61264767186792
13,72.0351841093581,22.0502564273571,Velavadar Lek 2,2015-05-01,2014-02-01,2015-05-01,77.28418014522552
14,72.0357355203164,22.0506074944902,Velavadar Lek 2,2015-05-01,2014-02-01,2015-05-01,45.984236030527455
17,72.0329990790185,22.0510875236497,Velavadar Lek 2,2015-05-01,2014-02-01,2015-05-01,2.8192241774957827
18,72.0334757660619,22.0496139961297,Velavadar Lek 2,2015-05-01,2014-02-01,2015-05-01,50.82281112855293
33,72.0302083710314,22.0504464938799,Velavadar Lek 2,2015-05-01,2014-02-01,2015-05-01,2.8891902686335813
34,72.0312624164767,22.0500695614991,Velavadar Lek 2,2015-05-01,2014-02-01,2015-05-01,61.420455126517794
35,72.0318143379108,22.0499022493551,Velavadar Lek 2,2015-05-01,2014-02-01,2015-05-01,1.7245488370289894
36,72.0325281009683,22.0498907105793,Velavadar Lek 2,2015-05-01,2014-02-01,2015-05-01,45.467314757198174
37,72.0314657559525,22.049094532773,Velavadar Lek 2,2015-05-01,2014-02-01,2015-05-01,83.93384060940706
38,72.0322168670769,22.0495926252104,Velavadar Lek 2,2015-05-01,2014-02-01,2015-05-01,2.877901921889811
39,72.031961655286,22.0497637839829,Velavadar Lek 2,2015-05-01,2014-02-01,2015-05-01,2.8521076116055935
40,72.0313308879329,22.0497791690309,Velavadar Lek 2,2015-05-01,2014-02-01,2015-05-01,52.5095860638481
41,72.032837259967,22.0498791718025,Velavadar Lek 2,2015-05-01,2014-02-01,2015-05-01,38.309504392045774
42,72.0327770880813,22.0495483931344,Velavadar Lek 2,2015-05-01,2014-02-01,2015-05-01,1.7949833021891868
43,72.03260902178,22.0496580117322,Velavadar Lek 2,2015-05-01,2014-02-01,2015-05-01,22.94446795184278
44,72.0323081623517,22.050288797802,Velavadar Lek 2,2015-05-01,2014-02-01,2015-05-01,66.64342734600686
45,72.0331941414957,22.0498830180615,Velavadar Lek 2,2015-05-01,2014-02-01,2015-05-01,56.81989013088168
46,72.033293736341,22.050071484626,Velavadar Lek 2,2015-05-01,2014-02-01,2015-05-01,78.97108738514528
47,72.0333165601597,22.0501926415706,Velavadar Lek 2,2015-05-01,2014-02-01,2015-05-01,90.88638950569846
48,72.0336817412588,22.049996482656,Velavadar Lek 2,2015-05-01,2014-02-01,2015-05-01,53.90132633226354
49,72.0337896356745,22.050009944551,Velavadar Lek 2,2015-05-01,2014-02-01,2015-05-01,47.39608425541831
50,72.0337937854597,22.0498772486729,Velavadar Lek 2,2015-05-01,2014-02-01,2015-05-01,36.51779846702083
51,72.0340033496133,22.0499772513752,Velavadar Lek 2,2015-05-01,2014-02-01,2015-05-01,34.61371607449983
52,72.0342066890889,22.0499195575171,Velavadar Lek 2,2015-05-01,2014-02-01,2015-05-01,30.96991795347576
53,72.0345428216916,22.0496368572726,Velavadar Lek 2,2015-05-01,2014-02-01,2015-05-01,49.039798856637056
54,72.0340614466063,22.0496753199241,Velavadar Lek 2,2015-05-01,2014-02-01,2015-05-01,0.9597918976117399
55,72.0336257191584,22.0493676184192,Velavadar Lek 2,2015-05-01,2014-02-01,2015-05-01,20.19175012478484
56,72.0342793103302,22.0491753046388,Velavadar Lek 2,2015-05-01,2014-02-01,2015-05-01,34.113023930953936
58,72.0299656085961,22.0473617728323,Velavadar Lek 2,2015-05-01,2014-02-01,2015-05-01,2.5026847638206693
59,72.0307104950427,22.0474329298737,Velavadar Lek 2,2015-05-01,2014-02-01,2015-05-01,57.85045058730417
60,72.0311669714167,22.0471617636593,Velavadar Lek 2,2015-05-01,2014-02-01,2015-05-01,1.9761931046046275
61,72.0314491568115,22.0475021637175,Velavadar Lek 2,2015-05-01,2014-02-01,2015-05-01,26.19109298402118
62,72.0319554306081,22.0476675555405,Velavadar Lek 2,2015-05-01,2014-02-01,2015-05-01,31.51206579353061
63,72.031181495665,22.0478117924376,Velavadar Lek 2,2015-05-01,2014-02-01,2015-05-01,1.9176088659930348
64,72.0306710720831,22.0478752566257,Velavadar Lek 2,2015-05-01,2014-02-01,2015-05-01,55.03501411199078
65,72.030554878097007,22.047725250317,Velavadar Lek 2,2015-05-01,2014-02-01,2015-05-01,67.05887804952259
66,72.0302291199574,22.0476252460228,Velavadar Lek 2,2015-05-01,2014-02-01,2015-05-01,39.05324108243506
67,72.0300901021526,22.0470271419414,Velavadar Lek 2,2015-05-01,2014-02-01,2015-05-01,37.68248180648532
70,72.0313288130402,22.0481579603906,Velavadar Lek 2,2015-05-01,2014-02-01,2015-05-01,41.40682925318897
71,72.0321961181508,22.0492118442772,Velavadar Lek 2,2015-05-01,2014-02-01,2015-05-01,10.430483083337995
72,72.0345490463694,22.0490118377198,Velavadar Lek 2,2015-05-01,2014-02-01,2015-05-01,1.2403810528886703
0,72.0344434297811,22.0501764323721,Velavadar Lek 2,2015-11-01,2015-05-01,2015-11-01,4.015662965714264
2,72.0320328779669,22.0475222425921,Velavadar Lek 2,2015-11-01,2015-05-01,2015-11-01,17.980953980040912
3,72.0311973123987,22.0472034512153,Velavadar Lek 2,2015-11-01,2015-05-01,2015-11-01,5.582597458933334
4,72.0306537605254,22.0477556779397,Velavadar Lek 2,2015-11-01,2015-05-01,2015-11-01,10.757265926070772
5,72.0305227341151,22.0471477241216,Velavadar Lek 2,2015-11-01,2015-05-01,2015-11-01,37.082663573613075
6,72.0290663668175,22.047508507039,Velavadar Lek 2,2015-11-01,2015-05-01,2015-11-01,43.4929855170714
7,72.0282443205025,22.047059479023,Velavadar Lek 2,2015-11-01,2015-05-01,2015-11-01,5.938665903615918
11,72.0284568939791,22.0479002434683,Velavadar Lek 2,2015-11-01,2015-05-01,2015-11-01,4.364533329277517
12,72.0325591698956,22.0487290147026,Velavadar Lek 2,2015-11-01,2015-05-01,2015-11-01,65.34058659329446
14,72.0321997110414,22.0484852136687,Velavadar Lek 2,2015-11-01,2015-05-01,2015-11-01,24.65879536002525
15,72.0335129424342,22.0495978965078,Velavadar Lek 2,2015-11-01,2015-05-01,2015-11-01,4.234651801346138
16,72.0357561978554,22.0506384931643,Velavadar Lek 2,2015-11-01,2015-05-01,2015-11-01,4.045090190685366
17,72.0320148471063,22.0508617739135,Velavadar Lek 2,2015-11-01,2015-05-01,2015-11-01,32.09961415887175
18,72.0331949299766,22.0510611850024,Velavadar Lek 2,2015-11-01,2015-05-01,2015-11-01,20.44152926605188
0,72.0344377486302,22.0501577263881,Velavadar Lek 2,2016-01-01,2015-11-01,2016-01-01,2.1543802392293965
1,72.0340712416796,22.0496772302677,Velavadar Lek 2,2016-01-01,2015-11-01,2016-01-01,58.340987992982825
2,72.0334973689542,22.0496213585199,Velavadar Lek 2,2016-01-01,2015-11-01,2016-01-01,3.0574446506715525
4,72.0357482521019,22.0506292814588,Velavadar Lek 2,2016-01-01,2015-11-01,2016-01-01,1.3098746275623856
7,72.0359544122617,22.0508974637362,Velavadar Lek 2,2016-01-01,2015-11-01,2016-01-01,35.253903347135065
8,72.0305072748491,22.0471239471653,Velavadar Lek 2,2016-01-01,2015-11-01,2016-01-01,3.081066242410661
9,72.0307541870696,22.0472778004415,Velavadar Lek 2,2016-01-01,2015-11-01,2016-01-01,27.9193851243209
10,72.0305591471643,22.0472143359853,Velavadar Lek 2,2016-01-01,2015-11-01,2016-01-01,8.28483676021122
11,72.0308164338478,22.0470335582875,Velavadar Lek 2,2016-01-01,2015-11-01,2016-01-01,32.87306685031896
12,72.0308122840626,22.0469412461825,Velavadar Lek 2,2016-01-01,2015-11-01,2016-01-01,37.6601624742971
13,72.0305798960904,22.0469912485802,Velavadar Lek 2,2016-01-01,2015-11-01,2016-01-01,18.317815615953666
14,72.0302997855882,22.0469277839955,Velavadar Lek 2,2016-01-01,2015-11-01,2016-01-01,33.53363298708227
15,72.0303599574739,22.0469373998435,Velavadar Lek 2,2016-01-01,2015-11-01,2016-01-01,28.740156804901442
16,72.0304699267821,22.0468373949924,Velavadar Lek 2,2016-01-01,2015-11-01,2016-01-01,34.81919442816839
17,72.0302624375212,22.0471470251674,Velavadar Lek 2,2016-01-01,2015-11-01,2016-01-01,26.8904537858163
18,72.0303682570443,22.0472662614516,Velavadar Lek 2,2016-01-01,2015-11-01,2016-01-01,20.669320473955494
19,72.0304118297891,22.0471816421635,Velavadar Lek 2,2016-01-01,2015-11-01,2016-01-01,12.057918789681858
20,72.0300860716495,22.046952785199,Velavadar Lek 2,2016-01-01,2015-11-01,2016-01-01,50.015779531331184
21,72.029876507496,22.0471354861668,Velavadar Lek 2,2016-01-01,2015-11-01,2016-01-01,66.77322620992956
23,72.0311836898396,22.0471835653297,Velavadar Lek 2,2016-01-01,2015-11-01,2016-01-01,2.6146876015401364
24,72.0312500864031,22.0471893348281,Velavadar Lek 2,2016-01-01,2015-11-01,2016-01-01,5.6718796608327064
25,72.0314617254492,22.0471239471653,Velavadar Lek 2,2016-01-01,2015-11-01,2016-01-01,28.701240220995025
26,72.0312832846848,22.04731434057,Velavadar Lek 2,2016-01-01,2015-11-01,2016-01-01,15.16182957170845
27,72.031133892417,22.0474508851772,Velavadar Lek 2,2016-01-01,2015-11-01,2016-01-01,28.191300668822265
28,72.0313911791005,22.0475028105566,Velavadar Lek 2,2016-01-01,2015-11-01,2016-01-01,38.750363339902655
29,72.0315301969053,22.0473643428358,Velavadar Lek 2,2016-01-01,2015-11-01,2016-01-01,38.736166888193104
30,72.0310405222496,22.0476893571329,Velavadar Lek 2,2016-01-01,2015-11-01,2016-01-01,40.625144353640565
31,72.0308226585257,22.0476489707816,Velavadar Lek 2,2016-01-01,2015-11-01,2016-01-01,21.077589075368838
32,72.0308828304113,22.0476739718575,Velavadar Lek 2,2016-01-01,2015-11-01,2016-01-01,25.337319619112783
33,72.0305674467348,22.0476778181765,Velavadar Lek 2,2016-01-01,2015-11-01,2016-01-01,12.407716259889103
34,72.0308081342774,22.0477393592661,Velavadar Lek 2,2016-01-01,2015-11-01,2016-01-01,16.049947230080182
35,72.0307562619622,22.0474066524316,Velavadar Lek 2,2016-01-01,2015-11-01,2016-01-01,37.487477486914294
36,72.0300715474012,22.047473963126,Velavadar Lek 2,2016-01-01,2015-11-01,2016-01-01,58.98747558917122
37,72.0300632478308,22.0473720354905,Velavadar Lek 2,2016-01-01,2015-11-01,2016-01-01,53.58244168581925
38,72.030449177856,22.0466864259968,Velavadar Lek 2,2016-01-01,2015-11-01,2016-01-01,51.680534140126234
39,72.0304398408393,22.0466393082518,Velavadar Lek 2,2016-01-01,2015-11-01,2016-01-01,56.98727737948607
40,72.0303070477123,22.0466585399863,Velavadar Lek 2,2016-01-01,2015-11-01,2016-01-01,58.60972472961827
41,72.0306379930835,22.0467835461972,Velavadar Lek 2,2016-01-01,2015-11-01,2016-01-01,42.07634922106342
42,72.0292955375654,22.046772007167,Velavadar Lek 2,2016-01-01,2015-11-01,2016-01-01,84.97988186338365
43,72.0293027996896,22.0467345053122,Velavadar Lek 2,2016-01-01,2015-11-01,2016-01-01,89.18121009888719
44,72.0292965750118,22.0466758485452,Velavadar Lek 2,2016-01-01,2015-11-01,2016-01-01,95.28681473594051
45,72.0292322533409,22.0466835412373,Velavadar Lek 2,2016-01-01,2015-11-01,2016-01-01,93.01120926625606
47,72.0291772686868,22.0467912388835,Velavadar Lek 2,2016-01-01,2015-11-01,2016-01-01,80.30573928884736
48,72.0293422226491,22.0468623962118,Velavadar Lek 2,2016-01-01,2015-11-01,2016-01-01,77.06186816301447
49,72.0295756480676,22.0469970180865,Velavadar Lek 2,2016-01-01,2015-11-01,2016-01-01,77.33527238468253
50,72.028292326989,22.0465162250887,Velavadar Lek 2,2016-01-01,2015-11-01,2016-01-01,1.225781490826688
51,72.0283939967269,22.046604691123,Velavadar Lek 2,2016-01-01,2015-11-01,2016-01-01,13.219154888484393
52,72.0286429838399,22.0464489139387,Velavadar Lek 2,2016-01-01,2015-11-01,2016-01-01,36.67197572705829
53,72.0287633276113,22.0466316155572,Velavadar Lek 2,2016-01-01,2015-11-01,2016-01-01,49.496556163853604
54,72.0288732969195,22.046843164505,Velavadar Lek 2,2016-01-01,2015-11-01,2016-01-01,69.06362970694124
55,72.0279893926681,22.0467806614397,Velavadar Lek 2,2016-01-01,2015-11-01,2016-01-01,22.316848686353
56,72.0282767652945,22.0467450827594,Velavadar Lek 2,2016-01-01,2015-11-01,2016-01-01,24.369260673611638
57,72.0283898469416,22.0468306638941,Velavadar Lek 2,2016-01-01,2015-11-01,2016-01-01,29.47805996035091
58,72.0280474896612,22.046604691123,Velavadar Lek 2,2016-01-01,2015-11-01,2016-01-01,5.342094398952288
59,72.0279696811883,22.0465633428747,Velavadar Lek 2,2016-01-01,2015-11-01,2016-01-01,3.9149688438746213
60,72.0282228180866,22.0470306735352,Velavadar Lek 2,2016-01-01,2015-11-01,2016-01-01,3.8889356537053175
61,72.0286855191384,22.0470825990688,Velavadar Lek 2,2016-01-01,2015-11-01,2016-01-01,45.65075253734066
62,72.0288535854398,22.0473941518705,Velavadar Lek 2,2016-01-01,2015-11-01,2016-01-01,25.372856421867823
63,72.0282746904019,22.0474133835024,Velavadar Lek 2,2016-01-01,2015-11-01,2016-01-01,39.34335142193406
64,72.0278472625244,22.0471691415825,Velavadar Lek 2,2016-01-01,2015-11-01,2016-01-01,42.7810489334308
65,72.0275028303513,22.047151833084,Velavadar Lek 2,2016-01-01,2015-11-01,2016-01-01,74.36029758501542
66,72.0277632293737,22.0477460903212,Velavadar Lek 2,2016-01-01,2015-11-01,2016-01-01,73.66784831863812
67,72.0278659365579,22.0477518597967,Velavadar Lek 2,2016-01-01,2015-11-01,2016-01-01,63.225236048700935
68,72.0278794233598,22.0475768522684,Velavadar Lek 2,2016-01-01,2015-11-01,2016-01-01,68.61540290128195
69,72.0277269187531,22.04761531548,Velavadar Lek 2,2016-01-01,2015-11-01,2016-01-01,81.55356820348655
71,72.0284531311662,22.0478749418847,Velavadar Lek 2,2016-01-01,2015-11-01,2016-01-01,2.830622249608999
72,72.0278617867727,22.0479335981546,Velavadar Lek 2,2016-01-01,2015-11-01,2016-01-01,61.58925670462643
74,72.0292166916463,22.047854748737,Velavadar Lek 2,2016-01-01,2015-11-01,2016-01-01,41.39246322573366
75,72.0288515105471,22.0482336101712,Velavadar Lek 2,2016-01-01,2015-11-01,2016-01-01,55.01464059150044
79,72.0316048930392,22.0478355171651,Velavadar Lek 2,2016-01-01,2015-11-01,2016-01-01,56.213844695098224
80,72.0316526155692,22.0478355171651,Velavadar Lek 2,2016-01-01,2015-11-01,2016-01-01,52.424752588838444
81,72.0317044878845,22.04788359609,Velavadar Lek 2,2016-01-01,2015-11-01,2016-01-01,52.481980114048426
82,72.0315986683614,22.0476220465409,Velavadar Lek 2,2016-01-01,2015-11-01,2016-01-01,46.19984112599648
83,72.0313330821075,22.0477816687497,Velavadar Lek 2,2016-01-01,2015-11-01,2016-01-01,65.59238726485609
84,72.0312168881213,22.0476008917768,Velavadar Lek 2,2016-01-01,2015-11-01,2016-01-01,44.08882707588264
85,72.0311670906987,22.0473104942411,Velavadar Lek 2,2016-01-01,2015-11-01,2016-01-01,12.265976505501255
86,72.0312085885509,22.0474047292684,Velavadar Lek 2,2016-01-01,2015-11-01,2016-01-01,22.335049701370824
87,72.0318704792932,22.0472220286482,Velavadar Lek 2,2016-01-01,2015-11-01,2016-01-01,37.25903548658522
88,72.0321319157619,22.0472354908072,Velavadar Lek 2,2016-01-01,2015-11-01,2016-01-01,33.38290294550154
89,72.0321588893658,22.0470162497724,Velavadar Lek 2,2016-01-01,2015-11-01,2016-01-01,57.56290783972961
90,72.0319306511788,22.0470720216468,Velavadar Lek 2,2016-01-01,2015-11-01,2016-01-01,50.996718107648555
91,72.0320053473127,22.0472143359853,Velavadar Lek 2,2016-01-01,2015-11-01,2016-01-01,34.239012772974554
92,72.0320758936615,22.0474585778272,Velavadar Lek 2,2016-01-01,2015-11-01,2016-01-01,8.337892846412316
93,72.0320260962388,22.0475105032038,Velavadar Lek 2,2016-01-01,2015-11-01,2016-01-01,1.4775572127338512
94,72.0322128365736,22.0474778094504,Velavadar Lek 2,2016-01-01,2015-11-01,2016-01-01,19.231832818505882
95,72.0321277659767,22.0477335897901,Velavadar Lek 2,2016-01-01,2015-11-01,2016-01-01,25.389103483130768
96,72.0321111668358,22.0477720529591,Velavadar Lek 2,2016-01-01,2015-11-01,2016-01-01,28.84000012544257
97,72.0318912282193,22.0478528255799,Velavadar Lek 2,2016-01-01,2015-11-01,2016-01-01,39.448083388319645
98,72.0319223516084,22.0478509024228,Velavadar Lek 2,2016-01-01,2015-11-01,2016-01-01,38.168328530681904
99,72.0318206818706,22.0476393549819,Velavadar Lek 2,2016-01-01,2015-11-01,2016-01-01,25.47470608620457
100,72.031733536381,22.0474720399637,Velavadar Lek 2,2016-01-01,2015-11-01,2016-01-01,31.42026004500884
101,72.0316505406766,22.0474393462014,Velavadar Lek 2,2016-01-01,2015-11-01,2016-01-01,40.55197288592661
102,72.0317024129918,22.0473931902888,Velavadar Lek 2,2016-01-01,2015-11-01,2016-01-01,37.01342636357544
103,72.0311961391953,22.0478182087481,Velavadar Lek 2,2016-01-01,2015-11-01,2016-01-01,56.457843245066165
104,72.032009497098,22.0483836159409,Velavadar Lek 2,2016-01-01,2015-11-01,2016-01-01,22.64692396795648
105,72.0292436652502,22.0470604826401,Velavadar Lek 2,2016-01-01,2015-11-01,2016-01-01,52.918792597789015
115,72.0350409151996,22.0485124669238,Velavadar Lek 2,2016-01-01,2015-11-01,2016-01-01,2.8818078654689514
0,72.0284586119036,22.0479057721813,Velavadar Lek 2,2016-11-01,2016-01-01,2016-11-01,3.463068889303203
1,72.0278748725076,22.0477785249615,Velavadar Lek 2,2016-11-01,2016-01-01,2016-11-01,3.0957531444988056
4,72.0283157632782,22.0474153161974,Velavadar Lek 2,2016-11-01,2016-01-01,2016-11-01,4.248497782188763
5,72.032258470568,22.047863033097,Velavadar Lek 2,2016-11-01,2016-01-01,2016-11-01,18.25414224351138
6,72.0317202876034,22.0480182612098,Velavadar Lek 2,2016-11-01,2016-01-01,2016-11-01,15.011922307610035
7,72.031709263332,22.0479045258822,Velavadar Lek 2,2016-11-01,2016-01-01,2016-11-01,2.3712230264303855
8,72.031609077364,22.0478560888463,Velavadar Lek 2,2016-11-01,2016-01-01,2016-11-01,2.320273659028683
9,72.0310887166352,22.0476865344706,Velavadar Lek 2,2016-11-01,2016-01-01,2016-11-01,4.988589999561238
50,72.0282388862785,22.0470623178411,Velavadar Lek 2,2016-11-01,2016-01-01,2016-11-01,3.879718868718949
0,72.0347588285085,22.0510486855101,Velavadar Lek 2,2018-10-01,2016-11-01,2018-10-01,13.066053007703632
1,72.0340934471099,22.050766598663,Velavadar Lek 2,2018-10-01,2016-11-01,2018-10-01,0.4935896855619964
2,72.0346822785155,22.0508474034679,Velavadar Lek 2,2018-10-01,2016-11-01,2018-10-01,1.567454661085211
3,72.0358520027151,22.0508861609198,Velavadar Lek 2,2018-10-01,2016-11-01,2018-10-01,27.35764701998572
4,72.0357611668334,22.0506511822344,Velavadar Lek 2,2018-10-01,2016-11-01,2018-10-01,0.7731166605559497
5,72.0356814633775,22.0502991597461,Velavadar Lek 2,2018-10-01,2016-11-01,2018-10-01,31.73653374735041
6,72.0351240747174,22.0505856318625,Velavadar Lek 2,2018-10-01,2016-11-01,2018-10-01,15.525188671042583
7,72.0345646577204,22.0505248117589,Velavadar Lek 2,2018-10-01,2016-11-01,2018-10-01,9.63338620996807
8,72.0346520832118,22.0504929639494,Velavadar Lek 2,2018-10-01,2016-11-01,2018-10-01,0.4766194759414405
9,72.0342393217532,22.0502548124704,Velavadar Lek 2,2018-10-01,2016-11-01,2018-10-01,0.3955734645245208
10,72.0342548283612,22.0500195031986,Velavadar Lek 2,2018-10-01,2016-11-01,2018-10-01,0.3406160516298355
11,72.0344729604554,22.0501853545071,Velavadar Lek 2,2018-10-01,2016-11-01,2018-10-01,2.816189099523693
12,72.0347982040818,22.0496981923364,Velavadar Lek 2,2018-10-01,2016-11-01,2018-10-01,1.129877041305557
13,72.0344391831939,22.0497598361654,Velavadar Lek 2,2018-10-01,2016-11-01,2018-10-01,0.41545704495906477
14,72.0345605436814,22.0499437925285,Velavadar Lek 2,2018-10-01,2016-11-01,2018-10-01,0.8384613861611435
15,72.0340764238038,22.0497141571755,Velavadar Lek 2,2018-10-01,2016-11-01,2018-10-01,2.62047152301054
16,72.0342293860379,22.0499494500329,Velavadar Lek 2,2018-10-01,2016-11-01,2018-10-01,7.975789336080661
17,72.0337649345492,22.0497790559984,Velavadar Lek 2,2018-10-01,2016-11-01,2018-10-01,29.75942288704489
18,72.0335256312431,22.0496390302582,Velavadar Lek 2,2018-10-01,2016-11-01,2018-10-01,1.4052252152779843
19,72.0344701626787,22.0495336221681,Velavadar Lek 2,2018-10-01,2016-11-01,2018-10-01,25.043328045887485
20,72.033975125226,22.0493708645205,Velavadar Lek 2,2018-10-01,2016-11-01,2018-10-01,38.27825748038937
21,72.0343922746077,22.0492304879273,Velavadar Lek 2,2018-10-01,2016-11-01,2018-10-01,26.173829920902666
22,72.0348139242048,22.0493707195812,Velavadar Lek 2,2018-10-01,2016-11-01,2018-10-01,36.85142038068742
23,72.0332171546085,22.0499159343463,Velavadar Lek 2,2018-10-01,2016-11-01,2018-10-01,27.38327413671401
24,72.0330368209426,22.0501581978654,Velavadar Lek 2,2018-10-01,2016-11-01,2018-10-01,35.134302112021295
29,72.0335389264324,22.0506748085039,Velavadar Lek 2,2018-10-01,2016-11-01,2018-10-01,58.66694353662479
30,72.0338984937646,22.0502966792599,Velavadar Lek 2,2018-10-01,2016-11-01,2018-10-01,13.335676689409418
33,72.0352629468602,22.0517760314159,Velavadar Lek 2,2018-10-01,2016-11-01,2018-10-01,53.48743001106587
34,72.0358762392017,22.0514537007311,Velavadar Lek 2,2018-10-01,2016-11-01,2018-10-01,27.040646246246588
35,72.028263317232,22.0470371436646,Velavadar Lek 2,2018-10-01,2016-11-01,2018-10-01,3.7619587500933123
36,72.0289316163158,22.0478641331741,Velavadar Lek 2,2018-10-01,2016-11-01,2018-10-01,22.97325911886435
38,72.0339688590754,22.0491646624716,Velavadar Lek 2,2018-10-01,2016-11-01,2018-10-01,60.49345572873708
40,72.0349456262515,22.0486353978892,Velavadar Lek 2,2018-10-01,2016-11-01,2018-10-01,21.793086266439484
41,72.0352043153321,22.0495234649735,Velavadar Lek 2,2018-10-01,2016-11-01,2018-10-01,32.123351874734894
42,72.0354206810764,22.0492714861681,Velavadar Lek 2,2018-10-01,2016-11-01,2018-10-01,57.107239030202884
46,72.0350203621698,22.0501625038411,Velavadar Lek 2,2018-10-01,2016-11-01,2018-10-01,4.610412696105295
47,72.035693739823,22.049740874557,Velavadar Lek 2,2018-10-01,2016-11-01,2018-10-01,36.311289358907324
48,72.0353116848561,22.0498829302061,Velavadar Lek 2,2018-10-01,2016-11-01,2018-10-01,11.705191676064706
0,72.0342394413735,22.0502502340593,Velavadar Lek 2,2018-11-01,2018-10-01,2018-11-01,0.5075065814653278
1,72.0339117595484,22.0502935118425,Velavadar Lek 2,2018-11-01,2018-10-01,2018-11-01,1.4146439487696203
2,72.0342619021723,22.0500171655328,Velavadar Lek 2,2018-11-01,2018-10-01,2018-11-01,0.7753111452067944
3,72.0350482682463,22.050200888684,Velavadar Lek 2,2018-11-01,2018-10-01,2018-11-01,5.138460555755748
4,72.0346516754071,22.0504912444768,Velavadar Lek 2,2018-11-01,2018-10-01,2018-11-01,0.1951446232138716
5,72.0351498655644,22.0505837881747,Velavadar Lek 2,2018-11-01,2018-10-01,2018-11-01,2.6721110230883953
6,72.0345589894717,22.0505258657443,Velavadar Lek 2,2018-11-01,2018-10-01,2018-11-01,0.597086246987511
7,72.0347536197687,22.0510603961044,Velavadar Lek 2,2018-11-01,2018-10-01,2018-11-01,1.404840166206547
8,72.0340871679276,22.0507618591169,Velavadar Lek 2,2018-11-01,2018-10-01,2018-11-01,0.8346320886238723
9,72.034681762035,22.050843155274,Velavadar Lek 2,2018-11-01,2018-10-01,2018-11-01,0.47377682371755286
10,72.0344968063127,22.0504900954739,Velavadar Lek 2,2018-11-01,2018-10-01,2018-11-01,7.99564877536531
11,72.0344616814356,22.0505153542367,Velavadar Lek 2,2018-11-01,2018-10-01,2018-11-01,10.689338576277486
12,72.0340949587057,22.0504063922102,Velavadar Lek 2,2018-11-01,2018-10-01,2018-11-01,22.462294215278853
13,72.0335599085301,22.0506758408304,Velavadar Lek 2,2018-11-01,2018-10-01,2018-11-01,2.170545549720868
14,72.0330478569599,22.0501617489987,Velavadar Lek 2,2018-11-01,2018-10-01,2018-11-01,1.20607137804445
15,72.0326976049268,22.0499405868826,Velavadar Lek 2,2018-11-01,2018-10-01,2018-11-01,0.5832696695868033
16,72.0333294343833,22.0501132051577,Velavadar Lek 2,2018-11-01,2018-10-01,2018-11-01,24.747126454925294
17,72.0335247164205,22.0501338542376,Velavadar Lek 2,2018-11-01,2018-10-01,2018-11-01,39.908033439503235
18,72.0336797104316,22.0502551400275,Velavadar Lek 2,2018-11-01,2018-10-01,2018-11-01,23.06519127851721
19,72.034573527717,22.0499430740151,Velavadar Lek 2,2018-11-01,2018-10-01,2018-11-01,1.3436662479102595
20,72.0344589285174,22.0497576890873,Velavadar Lek 2,2018-11-01,2018-10-01,2018-11-01,2.0536067816892674
21,72.0340821311355,22.0497156611098,Velavadar Lek 2,2018-11-01,2018-10-01,2018-11-01,0.6126941787280786
22,72.0336342571036,22.049912857816,Velavadar Lek 2,2018-11-01,2018-10-01,2018-11-01,20.052050057196002
23,72.034033791429,22.0499982062649,Velavadar Lek 2,2018-11-01,2018-10-01,2018-11-01,20.9156288003673
24,72.0337604997513,22.0497739263083,Velavadar Lek 2,2018-11-01,2018-10-01,2018-11-01,0.7300807051532224
25,72.0335213572038,22.0496348190095,Velavadar Lek 2,2018-11-01,2018-10-01,2018-11-01,0.6424380753794363
26,72.0332213709342,22.0499139250792,Velavadar Lek 2,2018-11-01,2018-10-01,2018-11-01,0.4891754293877316
27,72.0330609206714,22.0492132458623,Velavadar Lek 2,2018-11-01,2018-10-01,2018-11-01,1.6546135624325589
28,72.0328132337239,22.0495610304322,Velavadar Lek 2,2018-11-01,2018-10-01,2018-11-01,1.0209432952918998
31,72.0326269551709,22.0493064067204,Velavadar Lek 2,2018-11-01,2018-10-01,2018-11-01,33.61862307174108
35,72.0348203194476,22.0493670763014,Velavadar Lek 2,2018-11-01,2018-10-01,2018-11-01,0.7742520331475379
36,72.0344926915366,22.049534729172098,Velavadar Lek 2,2018-11-01,2018-10-01,2018-11-01,2.3305627010436667
37,72.0344160646006,22.0492307719963,Velavadar Lek 2,2018-11-01,2018-10-01,2018-11-01,2.4578198372535613
38,72.0339972813138,22.0493682893569,Velavadar Lek 2,2018-11-01,2018-10-01,2018-11-01,2.3065475316663435
39,72.0354192669231,22.0492722973175,Velavadar Lek 2,2018-11-01,2018-10-01,2018-11-01,0.17152723639100653
40,72.0349399211666,22.0486299431291,Velavadar Lek 2,2018-11-01,2018-10-01,2018-11-01,0.8442346520062245
42,72.0352130135848,22.04953797671,Velavadar Lek 2,2018-11-01,2018-10-01,2018-11-01,1.842134269670092
43,72.0348134621892,22.0496994171529,Velavadar Lek 2,2018-11-01,2018-10-01,2018-11-01,1.582061536913924
44,72.0348964992943,22.0496618588699,Velavadar Lek 2,2018-11-01,2018-10-01,2018-11-01,10.923426681259816
45,72.0357629534238,22.0506514145184,Velavadar Lek 2,2018-11-01,2018-10-01,2018-11-01,0.18634750695377233
46,72.035686638143,22.0507048402837,Velavadar Lek 2,2018-11-01,2018-10-01,2018-11-01,9.72789583847738
47,72.0353117585381,22.0498802315469,Velavadar Lek 2,2018-11-01,2018-10-01,2018-11-01,0.2991482096582755
48,72.0356757365709,22.0502969570495,Velavadar Lek 2,2018-11-01,2018-10-01,2018-11-01,0.6399784002900804
49,72.035853910034,22.0508833207058,Velavadar Lek 2,2018-11-01,2018-10-01,2018-11-01,0.3713240862892772
50,72.0354251827269,22.0505267838404,Velavadar Lek 2,2018-11-01,2018-10-01,2018-11-01,31.781795352217813
51,72.0345547436213,22.0500872904829,Velavadar Lek 2,2018-11-01,2018-10-01,2018-11-01,13.764749028841342
52,72.0343194922644,22.0500583090851,Velavadar Lek 2,2018-11-01,2018-10-01,2018-11-01,7.944517785206589
53,72.0338030272978,22.0500525524439,Velavadar Lek 2,2018-11-01,2018-10-01,2018-11-01,28.79443650622464
54,72.0342011232904,22.0493806308179,Velavadar Lek 2,2018-11-01,2018-10-01,2018-11-01,23.37171649137205
55,72.0339084316616,22.04941891568,Velavadar Lek 2,2018-11-01,2018-10-01,2018-11-01,8.70758500427123
56,72.0353049263671,22.0492260425894,Velavadar Lek 2,2018-11-01,2018-10-01,2018-11-01,12.975097257014456
58,72.0351514293879,22.0489682534597,Velavadar Lek 2,2018-11-01,2018-10-01,2018-11-01,42.57388167802853
59,72.0350037561214,22.0485323746828,Velavadar Lek 2,2018-11-01,2018-10-01,2018-11-01,12.899526599130258
61,72.0339146063735,22.0489228893157,Velavadar Lek 2,2018-11-01,2018-10-01,2018-11-01,1.240354072991064
62,72.0344699718534,22.0489039956805,Velavadar Lek 2,2018-11-01,2018-10-01,2018-11-01,37.05983002315372
63,72.0342144966315,22.0488079209166,Velavadar Lek 2,2018-11-01,2018-10-01,2018-11-01,34.50195461689348
64,72.0351141300374,22.0500214423133,Velavadar Lek 2,2018-11-01,2018-10-01,2018-11-01,18.38968335109756
66,72.0325339801347,22.0492190316331,Velavadar Lek 2,2018-11-01,2018-10-01,2018-11-01,47.046295793697986
95,72.0358800951955,22.0514527046172,Velavadar Lek 2,2018-11-01,2018-10-01,2018-11-01,0.41334721014352804
1,72.0288381389612,22.0477993199006,Velavadar Lek 2,2021-03-01,2018-11-01,2021-03-01,11.635585552112456
2,72.0291322643655,22.0479541674736,Velavadar Lek 2,2021-03-01,2018-11-01,2021-03-01,23.395671516366964
23,72.0326284823773,22.0493082923295,Velavadar Lek 2,2021-03-01,2018-11-01,2021-03-01,0.26182504488876235
24,72.0322633092149,22.0493291680908,Velavadar Lek 2,2021-03-01,2018-11-01,2021-03-01,10.984299426428546
25,72.0323805612258,22.0496982250744,Velavadar Lek 2,2021-03-01,2018-11-01,2021-03-01,33.38917182467672
29,72.0358693939473,22.050920737253,Velavadar Lek 2,2021-03-01,2018-11-01,2021-03-01,4.44413989093126
30,72.0356217862489,22.0511865534806,Velavadar Lek 2,2021-03-01,2018-11-01,2021-03-01,39.77319291302531
32,72.0352506928937,22.0512675687447,Velavadar Lek 2,2021-03-01,2018-11-01,2021-03-01,55.27862483075962
33,72.0355087205913,22.0509805523264,Velavadar Lek 2,2021-03-01,2018-11-01,2021-03-01,35.655150068899005
34,72.0354513183181,22.050538672498,Velavadar Lek 2,2021-03-01,2018-11-01,2021-03-01,3.004183744088918
35,72.0356286779037,22.0505106414634,Velavadar Lek 2,2021-03-01,2018-11-01,2021-03-01,20.87487492615549
36,72.0354128900976,22.0506558693843,Velavadar Lek 2,2021-03-01,2018-11-01,2021-03-01,14.360842660964625
37,72.0350704388573,22.050932379342,Velavadar Lek 2,2021-03-01,2018-11-01,2021-03-01,35.67072529659445
38,72.0352805632722,22.0507728429849,Velavadar Lek 2,2021-03-01,2018-11-01,2021-03-01,24.923827690333486
39,72.0348960922907,22.0511573769,Velavadar Lek 2,2021-03-01,2018-11-01,2021-03-01,18.223945400255218
40,72.034535451617,22.0511175456042,Velavadar Lek 2,2021-03-01,2018-11-01,2021-03-01,23.410379459287014
41,72.0350024556275,22.0508992479789,Velavadar Lek 2,2021-03-01,2018-11-01,2021-03-01,31.299701840436793
42,72.034760678164,22.0511144409012,Velavadar Lek 2,2021-03-01,2018-11-01,2021-03-01,6.033190262568129
43,72.0347240601297,22.0508543221206,Velavadar Lek 2,2021-03-01,2018-11-01,2021-03-01,4.541385370729467
48,72.0338574559971,22.0510628388769,Velavadar Lek 2,2021-03-01,2018-11-01,2021-03-01,40.93337388784835
50,72.0337344287953,22.0508784386759,Velavadar Lek 2,2021-03-01,2018-11-01,2021-03-01,28.793596437705055
61,72.0334722396525,22.0508540773397,Velavadar Lek 2,2021-03-01,2018-11-01,2021-03-01,21.728626184513168
62,72.0331376128221,22.0507403145853,Velavadar Lek 2,2021-03-01,2018-11-01,2021-03-01,44.20590446069485
65,72.0328316830022,22.0504621996032,Velavadar Lek 2,2021-03-01,2018-11-01,2021-03-01,40.090168644031536
66,72.0327117297037,22.0499553185667,Velavadar Lek 2,2021-03-01,2018-11-01,2021-03-01,2.189554702012881
67,72.0328213110396,22.0495651505795,Velavadar Lek 2,2021-03-01,2018-11-01,2021-03-01,0.9511693008672224
68,72.0331044669129,22.0491700321049,Velavadar Lek 2,2021-03-01,2018-11-01,2021-03-01,6.570296024485566
69,72.0334409951258,22.0492528907092,Velavadar Lek 2,2021-03-01,2018-11-01,2021-03-01,39.508532856700796
70,72.0334145012718,22.0489070737698,Velavadar Lek 2,2021-03-01,2018-11-01,2021-03-01,39.36358368443994
71,72.0344490058776,22.0485389667244,Velavadar Lek 2,2021-03-01,2018-11-01,2021-03-01,38.40813727319831
72,72.0347973224045,22.0486466397995,Velavadar Lek 2,2021-03-01,2018-11-01,2021-03-01,14.846919877224792
73,72.0354126587872,22.0492825158354,Velavadar Lek 2,2021-03-01,2018-11-01,2021-03-01,1.3222168966306467
74,72.0351540093332,22.0489741051223,Velavadar Lek 2,2021-03-01,2018-11-01,2021-03-01,0.7010861394966685
75,72.0352032054074,22.0495290865897,Velavadar Lek 2,2021-03-01,2018-11-01,2021-03-01,1.4132109634223167
76,72.0348231860648,22.0493667385681,Velavadar Lek 2,2021-03-01,2018-11-01,2021-03-01,0.2984902614626354
77,72.0353223261427,22.0498874690636,Velavadar Lek 2,2021-03-01,2018-11-01,2021-03-01,1.3546224867456
78,72.0350381394118,22.0497635692426,Velavadar Lek 2,2021-03-01,2018-11-01,2021-03-01,18.469765929086293
79,72.0344135014888,22.0492153008393,Velavadar Lek 2,2021-03-01,2018-11-01,2021-03-01,1.7347603880880962
80,72.035224242083,22.0502882556181,Velavadar Lek 2,2021-03-01,2018-11-01,2021-03-01,20.596131987844025
81,72.0351390669452,22.0505727380185,Velavadar Lek 2,2021-03-01,2018-11-01,2021-03-01,1.6564644241600197
82,72.0349476153692,22.0506815230498,Velavadar Lek 2,2021-03-01,2018-11-01,2021-03-01,23.533468146027833
83,72.0343981133662,22.0508979281493,Velavadar Lek 2,2021-03-01,2018-11-01,2021-03-01,29.923937524789494
84,72.0342697598183,22.0512155026774,Velavadar Lek 2,2021-03-01,2018-11-01,2021-03-01,39.08456781196358
85,72.0342569006712,22.0508771685274,Velavadar Lek 2,2021-03-01,2018-11-01,2021-03-01,21.696045744358322
86,72.0345897110894,22.0507625728094,Velavadar Lek 2,2021-03-01,2018-11-01,2021-03-01,13.044724351883978
87,72.034108800759,22.0507681654128,Velavadar Lek 2,2021-03-01,2018-11-01,2021-03-01,2.341467857627741
88,72.0339418560499,22.0506062410142,Velavadar Lek 2,2021-03-01,2018-11-01,2021-03-01,22.863093236389457
89,72.033543467745,22.0506709672547,Velavadar Lek 2,2021-03-01,2018-11-01,2021-03-01,1.782193492470777
90,72.0332138190446,22.0505368978506,Velavadar Lek 2,2021-03-01,2018-11-01,2021-03-01,38.92681975079923
91,72.0350252297724,22.0504831516555,Velavadar Lek 2,2021-03-01,2018-11-01,2021-03-01,17.033550675257352
92,72.0349545986119,22.0504775356801,Velavadar Lek 2,2021-03-01,2018-11-01,2021-03-01,23.35673082368392
93,72.034784332412,22.0506926329343,Velavadar Lek 2,2021-03-01,2018-11-01,2021-03-01,19.761044508055534
94,72.0350557933956,22.0501984452549,Velavadar Lek 2,2021-03-01,2018-11-01,2021-03-01,0.8231836910848688
95,72.0348250596505,22.0502668547838,Velavadar Lek 2,2021-03-01,2018-11-01,2021-03-01,24.189312075497984
96,72.0346634221663,22.050498468573,Velavadar Lek 2,2021-03-01,2018-11-01,2021-03-01,1.453755246844403
97,72.0347599127831,22.0504581097882,Velavadar Lek 2,2021-03-01,2018-11-01,2021-03-01,11.768787739091568
98,72.0343385025171,22.0505769718601,Velavadar Lek 2,2021-03-01,2018-11-01,2021-03-01,14.441097039188866
99,72.0344179288987,22.0507359628354,Velavadar Lek 2,2021-03-01,2018-11-01,2021-03-01,24.861022197061008
100,72.0342706195419,22.0502465868481,Velavadar Lek 2,2021-03-01,2018-11-01,2021-03-01,3.2460880945835866
101,72.0344036515233,22.0503530452712,Velavadar Lek 2,2021-03-01,2018-11-01,2021-03-01,17.979375706253695
102,72.0345149570468,22.0503383593004,Velavadar Lek 2,2021-03-01,2018-11-01,2021-03-01,16.918846166269386
103,72.0340945536333,22.050412668959,Velavadar Lek 2,2021-03-01,2018-11-01,2021-03-01,0.6968149107829842
104,72.0338122575955,22.0505344416185,Velavadar Lek 2,2021-03-01,2018-11-01,2021-03-01,28.608960207058466
105,72.0339080343946,22.0502917234051,Velavadar Lek 2,2021-03-01,2018-11-01,2021-03-01,0.4328584066133852
106,72.0336106907503,22.0505165064786,Velavadar Lek 2,2021-03-01,2018-11-01,2021-03-01,18.41947291596897
107,72.0333093206691,22.0504767556918,Velavadar Lek 2,2021-03-01,2018-11-01,2021-03-01,34.01227592268279
108,72.0334909454208,22.0504794656089,Velavadar Lek 2,2021-03-01,2018-11-01,2021-03-01,22.897777031365322
109,72.0333606639785,22.0503345013533,Velavadar Lek 2,2021-03-01,2018-11-01,2021-03-01,24.73422969800862
110,72.0330387782795,22.0501606650793,Velavadar Lek 2,2021-03-01,2018-11-01,2021-03-01,0.9455256486729492
111,72.0332260185649,22.049911514681,Velavadar Lek 2,2021-03-01,2018-11-01,2021-03-01,0.5494199319491591
112,72.0335315134129,22.0496487638922,Velavadar Lek 2,2021-03-01,2018-11-01,2021-03-01,1.867816637819748
113,72.0330420352604,22.0496810788247,Velavadar Lek 2,2021-03-01,2018-11-01,2021-03-01,27.122792272705784
114,72.0336717216139,22.0502431757414,Velavadar Lek 2,2021-03-01,2018-11-01,2021-03-01,1.5616930282404324
115,72.0329441045616,22.0503179994538,Velavadar Lek 2,2021-03-01,2018-11-01,2021-03-01,20.363743857896665
116,72.0335429077301,22.0501291939895,Velavadar Lek 2,2021-03-01,2018-11-01,2021-03-01,1.9489042037541258
117,72.0333233505781,22.0501149124969,Velavadar Lek 2,2021-03-01,2018-11-01,2021-03-01,0.6563430507568626
118,72.0338107782276,22.0500461821768,Velavadar Lek 2,2021-03-01,2018-11-01,2021-03-01,1.0674501105005425
119,72.033974922106,22.0501662960812,Velavadar Lek 2,2021-03-01,2018-11-01,2021-03-01,15.534210910854103
120,72.0333706169354,22.0498351498521,Velavadar Lek 2,2021-03-01,2018-11-01,2021-03-01,17.717532945300967
121,72.0337849558678,22.0491072022837,Velavadar Lek 2,2021-03-01,2018-11-01,2021-03-01,24.424414661843745
122,72.0348049846131,22.0500001776868,Velavadar Lek 2,2021-03-01,2018-11-01,2021-03-01,24.73363486019303
123,72.0344578433165,22.0501813753115,Velavadar Lek 2,2021-03-01,2018-11-01,2021-03-01,14.453559722602172
124,72.034574399385,22.0499145700294,Velavadar Lek 2,2021-03-01,2018-11-01,2021-03-01,3.1599483321397015
125,72.0343480988208,22.0500717822464,Velavadar Lek 2,2021-03-01,2018-11-01,2021-03-01,3.310919265945668
126,72.0340327397745,22.0500003709351,Velavadar Lek 2,2021-03-01,2018-11-01,2021-03-01,0.26333255689995
127,72.0337840798314,22.0497795498832,Velavadar Lek 2,2021-03-01,2018-11-01,2021-03-01,2.514374556420965
128,72.03424069495,22.0499316091842,Velavadar Lek 2,2021-03-01,2018-11-01,2021-03-01,9.73074334680333
129,72.0340807373243,22.0496973724903,Velavadar Lek 2,2021-03-01,2018-11-01,2021-03-01,2.0317599185744024
130,72.0347933941626,22.0496923888733,Velavadar Lek 2,2021-03-01,2018-11-01,2021-03-01,2.214585827155098
131,72.0344577077586,22.0498887385592,Velavadar Lek 2,2021-03-01,2018-11-01,2021-03-01,13.39433910476714
132,72.0343722674989,22.0497321203858,Velavadar Lek 2,2021-03-01,2018-11-01,2021-03-01,9.390134534407963
133,72.0341937624632,22.0499831313257,Velavadar Lek 2,2021-03-01,2018-11-01,2021-03-01,7.985820861020307
134,72.0339451444496,22.0497999291124,Velavadar Lek 2,2021-03-01,2018-11-01,2021-03-01,16.954673267451597
135,72.0342220471698,22.049621198382,Velavadar Lek 2,2021-03-01,2018-11-01,2021-03-01,17.846369832795318
136,72.0344755799105,22.0495057987889,Velavadar Lek 2,2021-03-01,2018-11-01,2021-03-01,3.660968504373174
137,72.0339986254561,22.0495578005357,Velavadar Lek 2,2021-03-01,2018-11-01,2021-03-01,17.991174480052496
138,72.033734712749,22.0495019161603,Velavadar Lek 2,2021-03-01,2018-11-01,2021-03-01,20.16568917428473
139,72.03415679988,22.0494034379025,Velavadar Lek 2,2021-03-01,2018-11-01,2021-03-01,5.23001864187421
140,72.0339138077748,22.0493815889531,Velavadar Lek 2,2021-03-01,2018-11-01,2021-03-01,4.173475724757878
141,72.0341547416643,22.0498465908824,Velavadar Lek 2,2021-03-01,2018-11-01,2021-03-01,16.333245443041402
142,72.0331491248653,22.0494031108569,Velavadar Lek 2,2021-03-01,2018-11-01,2021-03-01,22.92822940723699
143,72.0328010716114,22.0501052038688,Velavadar Lek 2,2021-03-01,2018-11-01,2021-03-01,21.142773963257405
148,72.035672895323,22.0502788802353,Velavadar Lek 2,2021-03-01,2018-11-01,2021-03-01,2.024566852983977
149,72.0288410486944,22.0474139509209,Velavadar Lek 2,2021-03-01,2018-11-01,2021-03-01,36.17869057111939
2,72.0348329199655,22.0493557854214,Velavadar Lek 2,2021-12-01,2021-03-01,2021-12-01,1.5761929013756781
3,72.0344102399074,22.0492274282937,Velavadar Lek 2,2021-12-01,2021-03-01,2021-12-01,1.385496096175291
4,72.0339140713927,22.0489206173895,Velavadar Lek 2,2021-12-01,2021-03-01,2021-12-01,24.605332700154033
5,72.033444005978,22.0492546501913,Velavadar Lek 2,2021-12-01,2021-03-01,2021-12-01,0.3670953662014172
6,72.0337940519419,22.0491115969191,Velavadar Lek 2,2021-12-01,2021-03-01,2021-12-01,1.0583653914761737
7,72.0347945352099,22.0497042688637,Velavadar Lek 2,2021-12-01,2021-03-01,2021-12-01,1.3217457927635983
8,72.0353245505789,22.0498729607994,Velavadar Lek 2,2021-12-01,2021-03-01,2021-12-01,1.6240694691207644
9,72.0350544281602,22.0497843967812,Velavadar Lek 2,2021-12-01,2021-03-01,2021-12-01,2.856279497414674
10,72.0350414290664,22.0502024988094,Velavadar Lek 2,2021-12-01,2021-03-01,2021-12-01,1.5503904119341672
11,72.0348071433529,22.0500154082389,Velavadar Lek 2,2021-12-01,2021-03-01,2021-12-01,1.702440430142294
12,72.0351764339217,22.0501165616535,Velavadar Lek 2,2021-12-01,2021-03-01,2021-12-01,15.416014114957248
13,72.0354117536743,22.0505575290086,Velavadar Lek 2,2021-12-01,2021-03-01,2021-12-01,4.590351442681228
14,72.0345696907444,22.0499097747885,Velavadar Lek 2,2021-12-01,2021-03-01,2021-12-01,0.7203995913738626
15,72.0346027264397,22.0496995050878,Velavadar Lek 2,2021-12-01,2021-03-01,2021-12-01,19.712583654797356
16,72.034479068021,22.0495281998571,Velavadar Lek 2,2021-12-01,2021-03-01,2021-12-01,2.5083879288352553
17,72.0349726576244,22.0509006495731,Velavadar Lek 2,2021-12-01,2021-03-01,2021-12-01,3.082152273839455
18,72.0345971055472,22.0507477401589,Velavadar Lek 2,2021-12-01,2021-03-01,2021-12-01,1.8125069106684422
19,72.0343210366556,22.0505469475517,Velavadar Lek 2,2021-12-01,2021-03-01,2021-12-01,3.7848805412062188
20,72.0338546267014,22.051056972669,Velavadar Lek 2,2021-12-01,2021-03-01,2021-12-01,0.7127465676692691
21,72.0342612431235,22.0508654423805,Velavadar Lek 2,2021-12-01,2021-03-01,2021-12-01,1.3746840969236254
22,72.0341658077206,22.0510348345553,Velavadar Lek 2,2021-12-01,2021-03-01,2021-12-01,19.844749140332716
23,72.0346705417651,22.0504909756856,Velavadar Lek 2,2021-12-01,2021-03-01,2021-12-01,1.1092202210354132
24,72.0348545986591,22.0502371856767,Velavadar Lek 2,2021-12-01,2021-03-01,2021-12-01,4.485655453702327
25,72.0346633382118,22.0502390079735,Velavadar Lek 2,2021-12-01,2021-03-01,2021-12-01,16.989062630440486
26,72.0346338762795,22.050142123311,Velavadar Lek 2,2021-12-01,2021-03-01,2021-12-01,18.69788677273772
27,72.034525261186,22.0503317594894,Velavadar Lek 2,2021-12-01,2021-03-01,2021-12-01,1.2914927447034625
28,72.0344680740793,22.0504910996649,Velavadar Lek 2,2021-12-01,2021-03-01,2021-12-01,16.42306418531356
29,72.0344083483844,22.0503481599761,Velavadar Lek 2,2021-12-01,2021-03-01,2021-12-01,0.7269781607305428
30,72.0340920520683,22.0504093892761,Velavadar Lek 2,2021-12-01,2021-03-01,2021-12-01,0.4459468434931936
31,72.0343125169862,22.0504457774913,Velavadar Lek 2,2021-12-01,2021-03-01,2021-12-01,13.936720382522873
32,72.0344531039963,22.0501754842075,Velavadar Lek 2,2021-12-01,2021-03-01,2021-12-01,0.8160120118441947
33,72.0341604753949,22.0502637169806,Velavadar Lek 2,2021-12-01,2021-03-01,2021-12-01,11.535588390616972
34,72.0342816987264,22.0502365492408,Velavadar Lek 2,2021-12-01,2021-03-01,2021-12-01,1.5959894869543911
35,72.0339459350207,22.0506033468217,Velavadar Lek 2,2021-12-01,2021-03-01,2021-12-01,0.5295434767788747
36,72.0340951611997,22.0507589771158,Velavadar Lek 2,2021-12-01,2021-03-01,2021-12-01,1.7384065370461368
37,72.033731781072,22.0508734975951,Velavadar Lek 2,2021-12-01,2021-03-01,2021-12-01,0.6120612159373082
38,72.0334763795114,22.0508594860566,Velavadar Lek 2,2021-12-01,2021-03-01,2021-12-01,0.7362985608170063
39,72.0336347995467,22.0507458015352,Velavadar Lek 2,2021-12-01,2021-03-01,2021-12-01,12.561345426189115
40,72.0334193359924,22.05070809583,Velavadar Lek 2,2021-12-01,2021-03-01,2021-12-01,13.467167429101849
41,72.0338210280595,22.0505313305315,Velavadar Lek 2,2021-12-01,2021-03-01,2021-12-01,0.9693979407527127
42,72.0336387824823,22.0506101656305,Velavadar Lek 2,2021-12-01,2021-03-01,2021-12-01,10.776905615641505
43,72.0333361944417,22.0506387407256,Velavadar Lek 2,2021-12-01,2021-03-01,2021-12-01,16.946492844936145
44,72.0331422725944,22.0507491239918,Velavadar Lek 2,2021-12-01,2021-03-01,2021-12-01,1.0884452681858852
45,72.0330338339683,22.0511197587838,Velavadar Lek 2,2021-12-01,2021-03-01,2021-12-01,1.9974567663100509
46,72.0323766710834,22.0506156646988,Velavadar Lek 2,2021-12-01,2021-03-01,2021-12-01,10.73517876269319
47,72.0327168175995,22.0506939673018,Velavadar Lek 2,2021-12-01,2021-03-01,2021-12-01,25.98548440275021
48,72.0325970432259,22.0509540100688,Velavadar Lek 2,2021-12-01,2021-03-01,2021-12-01,0.9696994680162058
49,72.0327996020315,22.0501012855907,Velavadar Lek 2,2021-12-01,2021-03-01,2021-12-01,0.4599788742420289
50,72.0327038337031,22.049944645569,Velavadar Lek 2,2021-12-01,2021-03-01,2021-12-01,1.436731814739138
51,72.0322692926943,22.0501160454593,Velavadar Lek 2,2021-12-01,2021-03-01,2021-12-01,17.894175523616905
52,72.0325589260071,22.0499061137256,Velavadar Lek 2,2021-12-01,2021-03-01,2021-12-01,16.700492775308188
53,72.0323755302844,22.0496846595694,Velavadar Lek 2,2021-12-01,2021-03-01,2021-12-01,1.590567386757209
54,72.0336712464638,22.0502537253529,Velavadar Lek 2,2021-12-01,2021-03-01,2021-12-01,1.1700845480019022
55,72.0333571219131,22.0503468536086,Velavadar Lek 2,2021-12-01,2021-03-01,2021-12-01,1.4168781012052454
56,72.0333172631071,22.0504783729123,Velavadar Lek 2,2021-12-01,2021-03-01,2021-12-01,0.8398286723765948
57,72.0328314809425,22.0504514529754,Velavadar Lek 2,2021-12-01,2021-03-01,2021-12-01,1.1910706178929547
58,72.0335488078017,22.0501331523589,Velavadar Lek 2,2021-12-01,2021-03-01,2021-12-01,0.7509348051374514
59,72.0333313493823,22.0501010664818,Velavadar Lek 2,2021-12-01,2021-03-01,2021-12-01,1.7427003284745914
60,72.0329785738504,22.0499467161521,Velavadar Lek 2,2021-12-01,2021-03-01,2021-12-01,24.510923171041025
61,72.0330549230448,22.0501615461438,Velavadar Lek 2,2021-12-01,2021-03-01,2021-12-01,1.670676444224071
62,72.0332577521961,22.0501867197156,Velavadar Lek 2,2021-12-01,2021-03-01,2021-12-01,10.451839224313515
63,72.0332214021771,22.0498961674269,Velavadar Lek 2,2021-12-01,2021-03-01,2021-12-01,1.7663029311281484
64,72.0330502308724,22.049676476243,Velavadar Lek 2,2021-12-01,2021-03-01,2021-12-01,0.9884032457428054
65,72.0339133348645,22.0502981129542,Velavadar Lek 2,2021-12-01,2021-03-01,2021-12-01,0.8950791744302871
66,72.034035078347,22.0502048150235,Velavadar Lek 2,2021-12-01,2021-03-01,2021-12-01,7.539125806514962
67,72.0343543677085,22.0500721944023,Velavadar Lek 2,2021-12-01,2021-03-01,2021-12-01,0.6492103722747131
68,72.0344010772152,22.0498977777848,Velavadar Lek 2,2021-12-01,2021-03-01,2021-12-01,5.935309835609392
69,72.0342422663179,22.049939219781,Velavadar Lek 2,2021-12-01,2021-03-01,2021-12-01,0.8588476361616006
70,72.0343974358875,22.049706972396802,Velavadar Lek 2,2021-12-01,2021-03-01,2021-12-01,3.811314023252442
71,72.0342369211546,22.0497958507037,Velavadar Lek 2,2021-12-01,2021-03-01,2021-12-01,10.18268249317413
72,72.0340819228526,22.0497026288021,Velavadar Lek 2,2021-12-01,2021-03-01,2021-12-01,0.5952135543664655
73,72.0340206944258,22.0499952033607,Velavadar Lek 2,2021-12-01,2021-03-01,2021-12-01,1.3697776026686972
74,72.0338060326349,22.0500579356729,Velavadar Lek 2,2021-12-01,2021-03-01,2021-12-01,1.391669500313165
75,72.0338988435838,22.0500094966301,Velavadar Lek 2,2021-12-01,2021-03-01,2021-12-01,9.964514881048459
76,72.0339461599347,22.0497992366464,Velavadar Lek 2,2021-12-01,2021-03-01,2021-12-01,0.12997382775060104
77,72.0337037401683,22.0498424977744,Velavadar Lek 2,2021-12-01,2021-03-01,2021-12-01,10.84154752329392
78,72.0344621816632,22.0498991317708,Velavadar Lek 2,2021-12-01,2021-03-01,2021-12-01,1.2409949418429385
79,72.0347876155802,22.0498602216737,Velavadar Lek 2,2021-12-01,2021-03-01,2021-12-01,15.612650590175749
80,72.0342235700964,22.0496287044357,Velavadar Lek 2,2021-12-01,2021-03-01,2021-12-01,0.8465301179307836
81,72.0343160538759,22.0493868963282,Velavadar Lek 2,2021-12-01,2021-03-01,2021-12-01,16.553475219773272
82,72.0346453038515,22.0494813529934,Velavadar Lek 2,2021-12-01,2021-03-01,2021-12-01,17.74128551052063
83,72.034139711291,22.0494478276591,Velavadar Lek 2,2021-12-01,2021-03-01,2021-12-01,5.226222415063643
84,72.0339139479934,22.0494255744622,Velavadar Lek 2,2021-12-01,2021-03-01,2021-12-01,4.874271618705876
85,72.0335233509035,22.0496316657936,Velavadar Lek 2,2021-12-01,2021-03-01,2021-12-01,2.073887294847379
86,72.0333635699288,22.0498227182748,Velavadar Lek 2,2021-12-01,2021-03-01,2021-12-01,1.5581267906216951
87,72.033811757874,22.0496926288397,Velavadar Lek 2,2021-12-01,2021-03-01,2021-12-01,10.047570456068096
88,72.0331202608883,22.0491801752789,Velavadar Lek 2,2021-12-01,2021-03-01,2021-12-01,1.98129020455299
89,72.0352082514772,22.0495210408435,Velavadar Lek 2,2021-12-01,2021-03-01,2021-12-01,1.0327937488587196
93,72.0351534579056,22.0489646727275,Velavadar Lek 2,2021-12-01,2021-03-01,2021-12-01,1.046800014996643
94,72.0343781232212,22.0488451389218,Velavadar Lek 2,2021-12-01,2021-03-01,2021-12-01,34.7096211227298
0,72.0335569945283,22.0501115157498,Velavadar Lek 2,2022-12-01,2021-12-01,2022-12-01,2.542443456309018
1,72.0337966665558,22.050049976558,Velavadar Lek 2,2022-12-01,2021-12-01,2022-12-01,1.3092236537032524
2,72.0335881680859,22.0498841207981,Velavadar Lek 2,2022-12-01,2021-12-01,2022-12-01,12.799089181905542
3,72.0339031424734,22.050009075495,Velavadar Lek 2,2022-12-01,2021-12-01,2022-12-01,0.4465386198317316
4,72.0340371482862,22.0500038221466,Velavadar Lek 2,2022-12-01,2021-12-01,2022-12-01,1.949706486609524
5,72.0340351240292,22.0502049502032,Velavadar Lek 2,2022-12-01,2021-12-01,2022-12-01,0.015705686170336026
6,72.0341553648943,22.0500597327731,Velavadar Lek 2,2022-12-01,2021-12-01,2022-12-01,15.642202298006687
7,72.033603552439,22.049876616008,Velavadar Lek 2,2022-12-01,2021-12-01,2022-12-01,11.018774166064564
8,72.0335310840388,22.0498417187287,Velavadar Lek 2,2022-12-01,2021-12-01,2022-12-01,17.432557798503588
9,72.0336630655945,22.0497430306773,Velavadar Lek 2,2022-12-01,2021-12-01,2022-12-01,11.79617761462513
10,72.0336699480683,22.0497148876843,Velavadar Lek 2,2022-12-01,2021-12-01,2022-12-01,14.565609723795879
11,72.033676830542,22.0496856189656,Velavadar Lek 2,2022-12-01,2021-12-01,2022-12-01,13.960219372208861
12,72.0336711626225,22.0496619788422,Velavadar Lek 2,2022-12-01,2021-12-01,2022-12-01,14.915961819568212
13,72.0341480775692,22.0498319624986,Velavadar Lek 2,2022-12-01,2021-12-01,2022-12-01,10.01239702435908
14,72.0339800642391,22.0498447206456,Velavadar Lek 2,2022-12-01,2021-12-01,2022-12-01,6.137744544857973
15,72.0339480809786,22.0497940632905,Velavadar Lek 2,2022-12-01,2021-12-01,2022-12-01,0.6066621031185736
16,72.0342347157683,22.0497959394891,Velavadar Lek 2,2022-12-01,2021-12-01,2022-12-01,0.2280382547420802
17,72.0343881544482,22.0497524116738,Velavadar Lek 2,2022-12-01,2021-12-01,2022-12-01,5.1258216142874025
18,72.0344930109602,22.0497235182027,Velavadar Lek 2,2022-12-01,2021-12-01,2022-12-01,10.042124500528224
19,72.0345658842118,22.0499396562326,Velavadar Lek 2,2022-12-01,2021-12-01,2022-12-01,3.33457503790145
20,72.0344015145443,22.0498976294193,Velavadar Lek 2,2022-12-01,2021-12-01,2022-12-01,0.048076567092627864
21,72.0343553614849,22.0500676127925,Velavadar Lek 2,2022-12-01,2021-12-01,2022-12-01,0.5179858038640007
22,72.034499893434,22.0496278319903,Velavadar Lek 2,2022-12-01,2021-12-01,2022-12-01,11.248371264718257
23,72.0339152880154,22.0493782970535,Velavadar Lek 2,2022-12-01,2021-12-01,2022-12-01,5.240870184512574
24,72.0341415999468,22.0494514689979,Velavadar Lek 2,2022-12-01,2021-12-01,2022-12-01,0.4482082616438273
25,72.0343193297105,22.0493820494618,Velavadar Lek 2,2022-12-01,2021-12-01,2022-12-01,0.6348245091251895
26,72.034497869177,22.0494188230581,Velavadar Lek 2,2022-12-01,2021-12-01,2022-12-01,12.275204212517842
27,72.0343751992034,22.0493644131418,Velavadar Lek 2,2022-12-01,2021-12-01,2022-12-01,6.5984349047161635
28,72.034418518303,22.0492188196076,Velavadar Lek 2,2022-12-01,2021-12-01,2022-12-01,1.281179850368912
29,72.0343237830759,22.0491948041649,Velavadar Lek 2,2022-12-01,2021-12-01,2022-12-01,9.63534322912917
30,72.0341391708385,22.0491790440284,Velavadar Lek 2,2022-12-01,2021-12-01,2022-12-01,28.51140216220633
31,72.0340108329453,22.0491925527169,Velavadar Lek 2,2022-12-01,2021-12-01,2022-12-01,24.12457846072275
32,72.0345590017381,22.0494706062694,Velavadar Lek 2,2022-12-01,2021-12-01,2022-12-01,8.99458456144148
33,72.0334452555425,22.049252591317,Velavadar Lek 2,2022-12-01,2021-12-01,2022-12-01,0.262140145336927
34,72.0336982876662,22.0492435855286,Velavadar Lek 2,2022-12-01,2021-12-01,2022-12-01,17.657817250342397
35,72.0329744133667,22.0496282072305,Velavadar Lek 2,2022-12-01,2021-12-01,2022-12-01,9.484504523394014
36,72.0333569979378,22.0495201380189,Velavadar Lek 2,2022-12-01,2021-12-01,2022-12-01,21.16762322199054
37,72.033897474554,22.0487992992562,Velavadar Lek 2,2022-12-01,2021-12-01,2022-12-01,13.552746068479697
38,72.0342152829013,22.0488034269223,Velavadar Lek 2,2022-12-01,2021-12-01,2022-12-01,17.44571203264464
42,72.0344359269132,22.0488473302718,Velavadar Lek 2,2022-12-01,2021-12-01,2022-12-01,5.9763451353619175
43,72.0344492870093,22.04888635546,Velavadar Lek 2,2022-12-01,2021-12-01,2022-12-01,8.654872253231057
44,72.034660619439,22.049022943534,Velavadar Lek 2,2022-12-01,2021-12-01,2022-12-01,34.387384196330444
45,72.0347926009947,22.0491287616764,Velavadar Lek 2,2022-12-01,2021-12-01,2022-12-01,25.500060063905053
46,72.0339440324648,22.0506087064087,Velavadar Lek 2,2022-12-01,2021-12-01,2022-12-01,0.6255973107329917
47,72.0340922080764,22.0504083294024,Velavadar Lek 2,2022-12-01,2021-12-01,2022-12-01,0.11855036488584113
48,72.0343124472368,22.05044735416,Velavadar Lek 2,2022-12-01,2021-12-01,2022-12-01,0.17486687064774364
49,72.034407182464,22.0503460398632,Velavadar Lek 2,2022-12-01,2021-12-01,2022-12-01,0.26401441405702974
50,72.0344233765199,22.0507340357027,Velavadar Lek 2,2022-12-01,2021-12-01,2022-12-01,18.01097342380979
51,72.0345756006455,22.0506252168609,Velavadar Lek 2,2022-12-01,2021-12-01,2022-12-01,13.757945916589632
52,72.0343318801039,22.0505591750403,Velavadar Lek 2,2022-12-01,2021-12-01,2022-12-01,1.7580586119868018
53,72.0346994851732,22.05047136939,Velavadar Lek 2,2022-12-01,2021-12-01,2022-12-01,3.6959937814296673
54,72.0348517092988,22.0502379712001,Velavadar Lek 2,2022-12-01,2021-12-01,2022-12-01,0.3109163453096586
55,72.0350824745956,22.0505103941302,Velavadar Lek 2,2022-12-01,2021-12-01,2022-12-01,34.381826176311165
56,72.0340266221499,22.0507820660615,Velavadar Lek 2,2022-12-01,2021-12-01,2022-12-01,7.528447757664889
57,72.0340930177792,22.0507700584733,Velavadar Lek 2,2022-12-01,2021-12-01,2022-12-01,1.2477828683526033
58,72.0333472815043,22.0505779369243,Velavadar Lek 2,2022-12-01,2021-12-01,2022-12-01,6.834621630759861
59,72.0336015281822,22.0503775598744,Velavadar Lek 2,2022-12-01,2021-12-01,2022-12-01,15.497878951659576
60,72.0327116648096,22.0499595439167,Velavadar Lek 2,2022-12-01,2021-12-01,2022-12-01,1.8385133344022286
61,72.0330618612688,22.0501783082569,Velavadar Lek 2,2022-12-01,2021-12-01,2022-12-01,1.9909817354216846
62,72.0342873464502,22.0502417235856,Velavadar Lek 2,2022-12-01,2021-12-01,2022-12-01,0.8180308558269337
63,72.0351440120082,22.0500736166166,Velavadar Lek 2,2022-12-01,2021-12-01,2022-12-01,5.819404641763403
64,72.0330501205783,22.0505254036428,Velavadar Lek 2,2022-12-01,2021-12-01,2022-12-01,24.027020703715912
65,72.0333667143714,22.0503205236585,Velavadar Lek 2,2022-12-01,2021-12-01,2022-12-01,3.0814347666256676
66,72.0332606433052,22.0501936930434,Velavadar Lek 2,2022-12-01,2021-12-01,2022-12-01,0.828457035396422
67,72.0332355425185,22.0498998808561,Velavadar Lek 2,2022-12-01,2021-12-01,2022-12-01,1.5176132478462332
68,72.0331869603508,22.0496934990058,Velavadar Lek 2,2022-12-01,2021-12-01,2022-12-01,14.250174722842885
69,72.0333642852631,22.0499374047965,Velavadar Lek 2,2022-12-01,2021-12-01,2022-12-01,12.709197158682336
70,72.0333371602194,22.0501058871663,Velavadar Lek 2,2022-12-01,2021-12-01,2022-12-01,0.8035635251717926
71,72.0327727973708,22.0499595439167,Velavadar Lek 2,2022-12-01,2021-12-01,2022-12-01,7.313038436270855
72,72.0344557646318,22.0501816854053,Velavadar Lek 2,2022-12-01,2021-12-01,2022-12-01,0.740113516567442
73,72.0346375429094,22.0501407843804,Velavadar Lek 2,2022-12-01,2021-12-01,2022-12-01,0.4068011260501562
74,72.0338181236801,22.0505321579229,Velavadar Lek 2,2022-12-01,2021-12-01,2022-12-01,0.3137301953788782
75,72.0338120509091,22.050266489327502,Velavadar Lek 2,2022-12-01,2021-12-01,2022-12-01,11.034298070464054
77,72.0352500830744,22.0505527959991,Velavadar Lek 2,2022-12-01,2021-12-01,2022-12-01,16.709399524863624
78,72.0349715453127,22.0509047685445,Velavadar Lek 2,2022-12-01,2021-12-01,2022-12-01,0.4706842171678818
79,72.035095024989,22.0507291576185,Velavadar Lek 2,2022-12-01,2021-12-01,2022-12-01,22.824124738544675
80,72.0336416084706,22.0506090816462,Velavadar Lek 2,2022-12-01,2021-12-01,2022-12-01,0.31568242323174583
81,72.0349272821859,22.0494785693741,Velavadar Lek 2,2022-12-01,2021-12-01,2022-12-01,16.737840174572995
82,72.03256063783,22.0499080746274,Velavadar Lek 2,2022-12-01,2021-12-01,2022-12-01,0.28016086163301446
87,72.0326533176089,22.0496319642571,Velavadar Lek 2,2022-12-01,2021-12-01,2022-12-01,29.284795047122913
91,72.0338018848698,22.0490966153926,Velavadar Lek 2,2022-12-01,2021-12-01,2022-12-01,1.8468777864275523
94,72.0328866720525,22.0511137502626,Velavadar Lek 2,2022-12-01,2021-12-01,2022-12-01,15.216907873802768
96,72.0331084415236,22.0512180575954,Velavadar Lek 2,2022-12-01,2021-12-01,2022-12-01,13.34384612245419
97,72.0332242912473,22.0511260217175,Velavadar Lek 2,2022-12-01,2021-12-01,2022-12-01,19.687127676120625
98,72.0330356216973,22.0511137502626,Velavadar Lek 2,2022-12-01,2021-12-01,2022-12-01,0.6909714033779331
99,72.033214361271,22.050676578987,Velavadar Lek 2,2022-12-01,2021-12-01,2022-12-01,10.958327704944516
100,72.0331249914841,22.0507225970796,Velavadar Lek 2,2022-12-01,2021-12-01,2022-12-01,3.4391971433327666
101,72.0323686582879,22.0500702892186,Velavadar Lek 2,2022-12-01,2021-12-01,2022-12-01,11.448916654161756
102,72.03262352768,22.0500534158419,Velavadar Lek 2,2022-12-01,2021-12-01,2022-12-01,14.63239108894908
104,72.0342396313259,22.0499406709549,Velavadar Lek 2,2022-12-01,2021-12-01,2022-12-01,0.31615876259203946
105,72.0337845074113,22.0498639737016,Velavadar Lek 2,2022-12-01,2021-12-01,2022-12-01,8.676371964442522
73,72.0349814250436,22.0509181408235,Velavadar Lek 2,2024-05-01,2022-12-01,2024-05-01,1.7993096495530425
85,72.0330201616374,22.0511019042731,Velavadar Lek 2,2024-05-01,2022-12-01,2024-05-01,2.067334780829625
86,72.0327997198868,22.0508203670888,Velavadar Lek 2,2024-05-01,2022-12-01,2024-05-01,33.72931787130124
99,72.0345397748422,22.0511243640885,Velavadar Lek 2,2024-05-01,2022-12-01,2024-05-01,44.894432562134426
102,72.0335379259966,22.0512192444108,Velavadar Lek 2,2024-05-01,2022-12-01,2024-05-01,34.00658846114689
103,72.0341639612427,22.0510459194763,Velavadar Lek 2,2024-05-01,2022-12-01,2024-05-01,31.43572774805143
104,72.0346787367748,22.0508609485072,Velavadar Lek 2,2024-05-01,2022-12-01,2024-05-01,28.21176060069503
105,72.0347858687387,22.0507061003245,Velavadar Lek 2,2024-05-01,2022-12-01,2024-05-01,23.49805884355424
106,72.0338544334403,22.0510680720636,Velavadar Lek 2,2024-05-01,2022-12-01,2024-05-01,36.344118035767195
107,72.0350688653882,22.0505087520447,Velavadar Lek 2,2024-05-01,2022-12-01,2024-05-01,1.4176091521780396
108,72.0351335421132,22.050585478952,Velavadar Lek 2,2024-05-01,2022-12-01,2024-05-01,9.851974945282763
109,72.0342625486605,22.0508867401974,Velavadar Lek 2,2024-05-01,2022-12-01,2024-05-01,21.769175818823772
110,72.0352162877213,22.0502959520486,Velavadar Lek 2,2024-05-01,2022-12-01,2024-05-01,25.74452419365429
111,72.0353254293436,22.04989402141,Velavadar Lek 2,2024-05-01,2022-12-01,2024-05-01,27.33702124735294
113,72.0353258243894,22.0496831509294,Velavadar Lek 2,2024-05-01,2022-12-01,2024-05-01,47.000250213531906
114,72.0351393840902,22.0500804576742,Velavadar Lek 2,2024-05-01,2022-12-01,2024-05-01,0.8962500465289249
115,72.0350364526913,22.0502070989761,Velavadar Lek 2,2024-05-01,2022-12-01,2024-05-01,18.50024741915653
116,72.0350598231418,22.0497944505646,Velavadar Lek 2,2024-05-01,2022-12-01,2024-05-01,32.135002803561036
120,72.0348009643227,22.0486519854776,Velavadar Lek 2,2024-05-01,2022-12-01,2024-05-01,36.42168891925543
121,72.0344667384023,22.0485582062702,Velavadar Lek 2,2024-05-01,2022-12-01,2024-05-01,1.4368314268015552
122,72.0344300717236,22.0488514784633,Velavadar Lek 2,2024-05-01,2022-12-01,2024-05-01,0.7597202595787825
123,72.0346546373721,22.0490243484245,Velavadar Lek 2,2024-05-01,2022-12-01,2024-05-01,0.637284860229048
124,72.0347748268903,22.0491346427214,Velavadar Lek 2,2024-05-01,2022-12-01,2024-05-01,1.9483753613713277
125,72.0352077346799,22.0495296704745,Velavadar Lek 2,2024-05-01,2022-12-01,2024-05-01,29.520215889772373
126,72.0349436242201,22.0494849185047,Velavadar Lek 2,2024-05-01,2022-12-01,2024-05-01,1.828950249594435
127,72.0348311179138,22.0493587565397,Velavadar Lek 2,2024-05-01,2022-12-01,2024-05-01,16.58216425696682
132,72.033821206778,22.048588582675,Velavadar Lek 2,2024-05-01,2022-12-01,2024-05-01,17.866534259221226
133,72.0342127100511,22.0488153988922,Velavadar Lek 2,2024-05-01,2022-12-01,2024-05-01,1.3530347153952198
138,72.0339158030295,22.0489332087156,Velavadar Lek 2,2024-05-01,2022-12-01,2024-05-01,14.959472783248147
139,72.0335337157851,22.0487106831882,Velavadar Lek 2,2024-05-01,2022-12-01,2024-05-01,16.456086623616017
141,72.0331759086309,22.0488886985674,Velavadar Lek 2,2024-05-01,2022-12-01,2024-05-01,24.03058930404544
142,72.0333404952812,22.0490347265702,Velavadar Lek 2,2024-05-01,2022-12-01,2024-05-01,16.143603864955516
143,72.0334055035997,22.0489136286995,Velavadar Lek 2,2024-05-01,2022-12-01,2024-05-01,1.169164296438635
144,72.0337052231278,22.0487673724426,Velavadar Lek 2,2024-05-01,2022-12-01,2024-05-01,18.485214615573152
145,72.033305829631,22.0487850205046,Velavadar Lek 2,2024-05-01,2022-12-01,2024-05-01,16.831448990299418
146,72.0331118596894,22.0491847264136,Velavadar Lek 2,2024-05-01,2022-12-01,2024-05-01,35.25289689133119
147,72.033057702099,22.0491984453363,Velavadar Lek 2,2024-05-01,2022-12-01,2024-05-01,40.48325715840246
148,72.0328305650751,22.0493707408303,Velavadar Lek 2,2024-05-01,2022-12-01,2024-05-01,32.16910360960906
149,72.0325272315004,22.0495338151125,Velavadar Lek 2,2024-05-01,2022-12-01,2024-05-01,16.96920300139147
151,72.032633057605,22.0493123423389,Velavadar Lek 2,2024-05-01,2022-12-01,2024-05-01,35.48069240240682
152,72.0329088521603,22.0491069669928,Velavadar Lek 2,2024-05-01,2022-12-01,2024-05-01,56.285329760732196
153,72.032373565443,22.0496952229711,Velavadar Lek 2,2024-05-01,2022-12-01,2024-05-01,18.053206245625905
154,72.0328016459767,22.0501088129131,Velavadar Lek 2,2024-05-01,2022-12-01,2024-05-01,16.807566765194842
155,72.032702343084,22.0499565355133,Velavadar Lek 2,2024-05-01,2022-12-01,2024-05-01,1.019048368071106
156,72.0323475766044,22.0503254386355,Velavadar Lek 2,2024-05-01,2022-12-01,2024-05-01,25.793957929145922
157,72.0322933103616,22.0499596962512,Velavadar Lek 2,2024-05-01,2022-12-01,2024-05-01,7.226979624945459
158,72.0325572174911,22.0499129063361,Velavadar Lek 2,2024-05-01,2022-12-01,2024-05-01,0.6415038714968794
159,72.0326549210548,22.0503253213493,Velavadar Lek 2,2024-05-01,2022-12-01,2024-05-01,30.305241356028436
160,72.0328179241612,22.0504629633906,Velavadar Lek 2,2024-05-01,2022-12-01,2024-05-01,24.964842605173324
161,72.0330417314994,22.0505201710921,Velavadar Lek 2,2024-05-01,2022-12-01,2024-05-01,1.0427166958731269
162,72.0333649345618,22.0505880160658,Velavadar Lek 2,2024-05-01,2022-12-01,2024-05-01,2.138487547747511
163,72.0334713267052,22.0508603718709,Velavadar Lek 2,2024-05-01,2022-12-01,2024-05-01,32.93741643325267
164,72.0331567273712,22.0507560427545,Velavadar Lek 2,2024-05-01,2022-12-01,2024-05-01,4.948197903622471
165,72.0337264171676,22.0508819417338,Velavadar Lek 2,2024-05-01,2022-12-01,2024-05-01,31.480638994330533
166,72.0345989063166,22.0507607906295,Velavadar Lek 2,2024-05-01,2022-12-01,2024-05-01,15.21527403640257
167,72.0344216622293,22.0507390931241,Velavadar Lek 2,2024-05-01,2022-12-01,2024-05-01,0.5877516092858853
168,72.0340913410834,22.0507794868466,Velavadar Lek 2,2024-05-01,2022-12-01,2024-05-01,1.0590643603079115
169,72.03401219199,22.0509940800662,Velavadar Lek 2,2024-05-01,2022-12-01,2024-05-01,23.541557583727762
170,72.0337978411685,22.0507617929857,Velavadar Lek 2,2024-05-01,2022-12-01,2024-05-01,22.7125550333286
171,72.033631534296,22.0506096035781,Velavadar Lek 2,2024-05-01,2022-12-01,2024-05-01,1.042306124444023
172,72.0342586477917,22.0506445278297,Velavadar Lek 2,2024-05-01,2022-12-01,2024-05-01,12.111662500995706
173,72.0334710011733,22.050492561139,Velavadar Lek 2,2024-05-01,2022-12-01,2024-05-01,15.901434555092752
174,72.0348396633035,22.0502465622463,Velavadar Lek 2,2024-05-01,2022-12-01,2024-05-01,1.5667997436743686
175,72.0347063348934,22.0504727558851,Velavadar Lek 2,2024-05-01,2022-12-01,2024-05-01,0.7240905445083864
176,72.0348086631897,22.0500200762025,Velavadar Lek 2,2024-05-01,2022-12-01,2024-05-01,22.16789256886852
177,72.0347846364211,22.0497058152787,Velavadar Lek 2,2024-05-01,2022-12-01,2024-05-01,29.17690531990624
178,72.0346395139333,22.0494846454091,Velavadar Lek 2,2024-05-01,2022-12-01,2024-05-01,8.461523072883697
179,72.0346113675035,22.0497101904256,Velavadar Lek 2,2024-05-01,2022-12-01,2024-05-01,12.315622845428882
180,72.0347812903788,22.0498605687039,Velavadar Lek 2,2024-05-01,2022-12-01,2024-05-01,23.91603118577461
181,72.0346282767653,22.0501457655837,Velavadar Lek 2,2024-05-01,2022-12-01,2024-05-01,1.1049812813259952
182,72.0346001446935,22.0500319627032,Velavadar Lek 2,2024-05-01,2022-12-01,2024-05-01,10.82392078136129
183,72.0345723669881,22.0499269193134,Velavadar Lek 2,2024-05-01,2022-12-01,2024-05-01,1.562260477062957
184,72.0343104545152,22.0504584823691,Velavadar Lek 2,2024-05-01,2022-12-01,2024-05-01,1.2502351089549721
185,72.0347092756722,22.0503197674304,Velavadar Lek 2,2024-05-01,2022-12-01,2024-05-01,16.830165452911867
186,72.0339383850332,22.0506092197732,Velavadar Lek 2,2024-05-01,2022-12-01,2024-05-01,0.5861678975728796
187,72.0338044228633,22.0505394225535,Velavadar Lek 2,2024-05-01,2022-12-01,2024-05-01,1.6282746269911945
188,72.0337376657109,22.0504123725,Velavadar Lek 2,2024-05-01,2022-12-01,2024-05-01,14.583054113457633
189,72.0335934893717,22.0503787967129,Velavadar Lek 2,2024-05-01,2022-12-01,2024-05-01,0.8416753338070501
190,72.0333499082648,22.0503503987765,Velavadar Lek 2,2024-05-01,2022-12-01,2024-05-01,3.7382234149052516
191,72.033057372205,22.0501791852649,Velavadar Lek 2,2024-05-01,2022-12-01,2024-05-01,0.47381297314585136
192,72.0330650444131,22.0503523370978,Velavadar Lek 2,2024-05-01,2022-12-01,2024-05-01,19.24023413746323
193,72.0329747224865,22.0499523202843,Velavadar Lek 2,2024-05-01,2022-12-01,2024-05-01,20.87508680596522
194,72.0329768192014,22.0496407856218,Velavadar Lek 2,2024-05-01,2022-12-01,2024-05-01,1.4158582439570733
195,72.0330217031408,22.0495234390838,Velavadar Lek 2,2024-05-01,2022-12-01,2024-05-01,12.59583265803956
196,72.0331594667605,22.0494109372619,Velavadar Lek 2,2024-05-01,2022-12-01,2024-05-01,23.724169642235093
197,72.033435421736,22.0492678599002,Velavadar Lek 2,2024-05-01,2022-12-01,2024-05-01,1.97353262350094
198,72.0343061085081,22.0493747767866,Velavadar Lek 2,2024-05-01,2022-12-01,2024-05-01,1.5858587437192222
199,72.0341790159183,22.0490671716322,Velavadar Lek 2,2024-05-01,2022-12-01,2024-05-01,13.062608807698792
200,72.0340027216184,22.0491940648343,Velavadar Lek 2,2024-05-01,2022-12-01,2024-05-01,0.8545287476099465
201,72.0336971171672,22.0492504932941,Velavadar Lek 2,2024-05-01,2022-12-01,2024-05-01,0.7749749602268111
202,72.0333572043477,22.0495453240771,Velavadar Lek 2,2024-05-01,2022-12-01,2024-05-01,2.791073399186264
203,72.0332150853345,22.0496856679275,Velavadar Lek 2,2024-05-01,2022-12-01,2024-05-01,3.0322664036743445
204,72.0333255915257,22.0501230622591,Velavadar Lek 2,2024-05-01,2022-12-01,2024-05-01,2.247362513491829
205,72.0333632587127,22.049838075707,Velavadar Lek 2,2024-05-01,2022-12-01,2024-05-01,11.00765993322421
206,72.0332161546009,22.0499032916839,Velavadar Lek 2,2024-05-01,2022-12-01,2024-05-01,2.0382080722255105
207,72.0335427767486,22.0501265077767,Velavadar Lek 2,2024-05-01,2022-12-01,2024-05-01,2.217497481330972
208,72.0336980767792,22.0502604918587,Velavadar Lek 2,2024-05-01,2022-12-01,2024-05-01,11.792727129301952
209,72.0340923451909,22.0504174935191,Velavadar Lek 2,2024-05-01,2022-12-01,2024-05-01,1.0156194831668384
210,72.0339028770901,22.0503010915749,Velavadar Lek 2,2024-05-01,2022-12-01,2024-05-01,10.135982945311781
211,72.0340734294106,22.0505532082904,Velavadar Lek 2,2024-05-01,2022-12-01,2024-05-01,14.714092469702592
212,72.034297043104,22.0502626206944,Velavadar Lek 2,2024-05-01,2022-12-01,2024-05-01,2.5230783990122223
213,72.034452913523893,22.050187901465,Velavadar Lek 2,2024-05-01,2022-12-01,2024-05-01,0.7491580230177044
214,72.0340302441764,22.050209793232,Velavadar Lek 2,2024-05-01,2022-12-01,2024-05-01,0.7363087028471984
215,72.0338157470056,22.050111995189,Velavadar Lek 2,2024-05-01,2022-12-01,2024-05-01,7.149663288836575
216,72.033611460105,22.0499065878555,Velavadar Lek 2,2024-05-01,2022-12-01,2024-05-01,3.420313069525502
217,72.0335469171988,22.049670936773,Velavadar Lek 2,2024-05-01,2022-12-01,2024-05-01,12.873435253000862
218,72.0344750798723,22.0495302722135,Velavadar Lek 2,2024-05-01,2022-12-01,2024-05-01,10.903082471391137
219,72.0341305863199,22.049453079428,Velavadar Lek 2,2024-05-01,2022-12-01,2024-05-01,1.1516687941281003
220,72.0339093305901,22.0494300112152,Velavadar Lek 2,2024-05-01,2022-12-01,2024-05-01,5.763651295963937
221,72.0337340118501,22.0495178051085,Velavadar Lek 2,2024-05-01,2022-12-01,2024-05-01,17.245456402833945
222,72.0336745112012,22.0496936002552,Velavadar Lek 2,2024-05-01,2022-12-01,2024-05-01,0.9163253326568185
223,72.0342599895277,22.049950196899,Velavadar Lek 2,2024-05-01,2022-12-01,2024-05-01,2.353147673467331
224,72.033826211612,22.0499282937341,Velavadar Lek 2,2024-05-01,2022-12-01,2024-05-01,8.328489374796506
225,72.0337043268026,22.0498627272746,Velavadar Lek 2,2024-05-01,2022-12-01,2024-05-01,8.284153167329736
226,72.0343853016148,22.0497598343041,Velavadar Lek 2,2024-05-01,2022-12-01,2024-05-01,0.8737404970524234
227,72.0339525172766,22.0498131605652,Velavadar Lek 2,2024-05-01,2022-12-01,2024-05-01,2.1653167481487303
228,72.0341517579417,22.0498499501321,Velavadar Lek 2,2024-05-01,2022-12-01,2024-05-01,2.0292329202005934
229,72.0342215696155,22.049631909683,Velavadar Lek 2,2024-05-01,2022-12-01,2024-05-01,18.227605442179403
230,72.0340887540015,22.0496831675803,Velavadar Lek 2,2024-05-01,2022-12-01,2024-05-01,17.59073811495645
231,72.0339947596725,22.0495690135472,Velavadar Lek 2,2024-05-01,2022-12-01,2024-05-01,19.994377623440514
232,72.0338172727495,22.04971343977,Velavadar Lek 2,2024-05-01,2022-12-01,2024-05-01,14.832242929965444
233,72.0340739900083,22.0500924395209,Velavadar Lek 2,2024-05-01,2022-12-01,2024-05-01,9.154405301589012
234,72.0339291139899,22.0501416874097,Velavadar Lek 2,2024-05-01,2022-12-01,2024-05-01,13.002953781302992
235,72.03401516925,22.0499983093517,Velavadar Lek 2,2024-05-01,2022-12-01,2024-05-01,2.351273699609237
236,72.033364882794,22.0499451530685,Velavadar Lek 2,2024-05-01,2022-12-01,2024-05-01,0.8608404282352261
237,72.0343492896233,22.0500805551825,Velavadar Lek 2,2024-05-01,2022-12-01,2024-05-01,1.5653743160534122
238,72.0344122727666,22.0498712220388,Velavadar Lek 2,2024-05-01,2022-12-01,2024-05-01,3.13026401726773
239,72.0345216537778,22.0503463460602,Velavadar Lek 2,2024-05-01,2022-12-01,2024-05-01,11.82538069380574
247,72.0337923025443,22.0491016718275,Velavadar Lek 2,2024-05-01,2022-12-01,2024-05-01,1.1374846512374295
248,72.0344266136726,22.0492162755963,Velavadar Lek 2,2024-05-01,2022-12-01,2024-05-01,0.8825283893539857
249,72.0342553380038,22.0490770479291,Velavadar Lek 2,2024-05-01,2022-12-01,2024-05-01,14.841662881642446
250,72.0341288342602,22.0491777865535,Velavadar Lek 2,2024-05-01,2022-12-01,2024-05-01,1.0768715987300377
251,72.034313095398,22.0491882881566,Velavadar Lek 2,2024-05-01,2022-12-01,2024-05-01,1.319240635370996
252,72.0339053220017,22.049378533347,Velavadar Lek 2,2024-05-01,2022-12-01,2024-05-01,1.0298683801087753
253,72.0335601091784,22.0493942610997,Velavadar Lek 2,2024-05-01,2022-12-01,2024-05-01,19.678389423518038
254,72.0333116513064,22.0494757106077,Velavadar Lek 2,2024-05-01,2022-12-01,2024-05-01,6.79579266978895
255,72.0328178301627,22.0495740634274,Velavadar Lek 2,2024-05-01,2022-12-01,2024-05-01,17.25266698005233
256,72.0325568028007,22.050474015333,Velavadar Lek 2,2024-05-01,2022-12-01,2024-05-01,47.11568743529678
257,72.0332135606117,22.0504805061112,Velavadar Lek 2,2024-05-01,2022-12-01,2024-05-01,17.53265851386971
258,72.0337037891573,22.0500237315886,Velavadar Lek 2,2024-05-01,2022-12-01,2024-05-01,10.025726715379648
259,72.0339003384143,22.0500066179779,Velavadar Lek 2,2024-05-01,2022-12-01,2024-05-01,0.39758356196507294
260,72.0342143141631,22.050356474179,Velavadar Lek 2,2024-05-01,2022-12-01,2024-05-01,13.861246940719846
261,72.0348465231586,22.0503882517044,Velavadar Lek 2,2024-05-01,2022-12-01,2024-05-01,16.661924995214147
